1;Rafael;De Pedro;Peña;H;depedro9;Colombia;Colombia;depedro9@mail.com;3/02/1970;49;292,84;No Aplica;11;9;1;Inactivo;Heterosexual;[je4Wg34BEv7qSh
2;Ramón;Dueñas;Cruz;H;rdueñas;Colombia;Colombia;rdueñas@correo.es;13/02/1943;76;266,27;No Aplica;19;48;1;Disponible;Heterosexual;&Y}tuFfU:R4T?fK
3;Carlos;Vega;Hernández;H;vega57;Colombia;Colombia;vega57@email.com;26/05/1947;72;415,86;No Aplica;29;54;2;Inactivo;Heterosexual;MK}4g,kYG@5Dc*d
4;Antonio;Barragán;Zarza;H;antbarragan51;Colombia;Colombia;antbarragan51@correo.es;28/07/1940;79;707,02;No Aplica;23;32;2;Disponible;Heterosexual;w5{Xaakp[bRF/*[
5;María Josefa;Ramos;Gargallo;M;marramos;Colombia;Colombia;marramos@email.es;12/09/1947;72;;NO;1;11;0;Inactivo;Heterosexual;2{p[XBkr[WqNZRX
6;Juan José;Estébanez;Caamaño;H;juanjoseestebanez40;Colombia;Colombia;juanjoseestebanez40@email.es;4/08/1943;76;192,7;No Aplica;72;79;7;Inactivo;Heterosexual;rGy.R#+xGj}ecWe
7;María Teresa;Perea;Pulido;M;mar.perea;Colombia;Colombia;mar.perea@email.com;12/09/1936;83;;SI;4;50;0;Inactivo;Heterosexual;#@n3Qb?yGn*S5hi
8;David;Manjón;Fernández;H;david.manjon;Colombia;Colombia;david.manjon@mail.net;2/04/1960;59;592,29;No Aplica;85;18;2;Disponible;Heterosexual;:xKCf}ZaJB}__N&
9;Pedro;Cueva;Gras;H;cueva55;Colombia;Colombia;cueva55@email.es;28/02/1991;28;372,83;No Aplica;3;84;0;Inactivo;Heterosexual;@.ZSa{/[WX?Pzb}
10;Alberto;González;Luna;H;gonzalez93;Colombia;Colombia;gonzalez93@email.es;6/09/1973;46;532,28;No Aplica;62;50;1;Inactivo;Heterosexual;ZqiXD@Yp?Ay6+P.
11;Laura;Navarro;Valle;M;l.navarro;Colombia;Colombia;l.navarro@mail.es;16/10/1941;78;;NO;33;18;2;Inactivo;Heterosexual;9S.k:ePBB?)d8r#
12;Carlos;Del Rio;González;H;carlos.delrio;Colombia;Colombia;carlos.delrio@correo.es;7/04/1981;38;65,89;No Aplica;11;54;0;Disponible;Heterosexual;xxf7ZKN-Wu:TS$q
13;Luis;Muñoz;Molina;H;luimuñoz;Colombia;Colombia;luimuñoz@mail.net;1/10/1943;76;748,87;No Aplica;44;7;1;Disponible;Heterosexual;S_:vAF!H,z.*&MM
14;José Manuel;Jaén;Cascales;H;josjaen;Colombia;Colombia;josjaen@mail.com;1/02/1936;83;271,64;No Aplica;41;42;6;Disponible;Heterosexual;j[nVqVcYYgGE)7X
15;Carmen;Polo;Herrera;M;carmenpolo;Colombia;Colombia;carmenpolo@correo.com;7/03/1942;77;;NO;3;40;0;Disponible;Heterosexual;r{EHH!K:V:V)Kg=
16;Rocío;Dimitrov;García;M;dimitrov97;Colombia;Colombia;dimitrov97@mail.com;16/01/1998;21;;SI;87;64;2;Disponible;Heterosexual;Nz7tzqdnGLi#:=(
17;Pilar;Varela;García;M;pvarela;Colombia;Colombia;pvarela@correo.net;19/02/1944;75;;SI;57;79;0;Inactivo;Heterosexual;q-Za.R)C/Y4z$fS
18;Manuel;Díaz;Iglesias;H;manueldiaz12;Colombia;Colombia;manueldiaz12@mail.es;22/10/1942;77;440,68;No Aplica;93;22;2;Inactivo;Heterosexual;AgQkPS,3wg$GYTX
19;María;Rama;Gil;M;mrama;Colombia;Colombia;mrama@mail.com;12/08/1955;64;;SI;63;6;1;Disponible;Heterosexual;L=y&+HbiFMPpha%
20;Ángel;Estrella;Bermejo;H;angelestrella55;Colombia;Colombia;angelestrella55@email.net;11/09/1982;37;424,37;No Aplica;87;97;10;Disponible;Heterosexual;uM$/]Wv8WPAGpCz
21;José Luis;Muñiz;Carranza;H;muñiz84;Colombia;Colombia;muñiz84@correo.net;11/10/1960;59;442,75;No Aplica;53;83;2;Disponible;Heterosexual;jjZJ{SQDSQtMv={
22;María Teresa;García;Noguera;M;mar.garcia;Colombia;Colombia;mar.garcia@correo.com;26/11/1965;53;;SI;97;45;1;Inactivo;Heterosexual;%iitRf3L:QVZrCG
23;Inmaculada;Nieves;Suarez;M;inmnieves;Colombia;Colombia;inmnieves@mail.com;23/10/1963;56;;NO;81;92;7;Disponible;Heterosexual;:&=T-Tb:hHM*hjU
24;Diego;Julián;Flores;H;diegojulian37;Colombia;Colombia;diegojulian37@mail.com;20/06/1974;45;68,85;No Aplica;59;29;4;Inactivo;Heterosexual;2iVy!j#?*N&&:5]
25;José Luis;Morales;Puertas;H;josmorales;Colombia;Colombia;josmorales@mail.net;12/07/1998;21;490,26;No Aplica;84;10;1;Disponible;Heterosexual;!x-,iDPkq6GXhA9
26;María Ángeles;Miras;Castellanos;M;mmiras;Colombia;Colombia;mmiras@email.com;7/08/1965;54;;NO;54;50;8;Disponible;Heterosexual;X$3umv=rk*[rA(k
27;Alejandro;Duran;Fernández;H;duran68;Colombia;Colombia;duran68@correo.es;16/10/1941;78;130,07;No Aplica;33;71;0;Inactivo;Heterosexual;)!hqP_XS#{LScbw
28;Antonio;Rodríguez;Hernández;H;antonio.rodriguez;Colombia;Colombia;antonio.rodriguez@mail.es;14/07/1998;21;989,04;No Aplica;59;62;9;Inactivo;Heterosexual;Q&9uX=J)nM69PX,
29;Carlos;Rodríguez;Fernández;H;crodriguez64;Colombia;Colombia;crodriguez64@email.net;27/12/1971;47;499,89;No Aplica;50;83;3;Inactivo;Heterosexual;5%K@tG::{J_n+jJ
30;María Ángeles;Fernández;Hernández;M;mariaangelesfernandez;Colombia;Colombia;mariaangelesfernandez@email.com;5/01/1987;32;;NO;55;39;3;Disponible;Heterosexual;(-AjK/vh#SkrQg]
31;Javier;Gutiérrez;Alvarado;H;javiergutierrez24;Colombia;Colombia;javiergutierrez24@email.net;26/11/1988;30;679,81;No Aplica;66;20;0;Inactivo;Heterosexual;g},{rQeGv4tzM+[
32;Isabel;Díaz;Rusu;M;isabeldiaz;Colombia;Colombia;isabeldiaz@email.net;13/10/1985;34;;SI;57;21;2;Disponible;Heterosexual;dE8gR]H6Q+Z#9mh
33;Antonio;Quintana;Gil;H;aquintana61;Colombia;Colombia;aquintana61@email.net;25/09/1936;83;440,97;No Aplica;44;26;4;Disponible;Heterosexual;Tz$m&rTJg!+@_CM
34;María Carmen;Puebla;Sánchez;M;mpuebla;Colombia;Colombia;mpuebla@email.com;8/04/1983;36;;NO;69;62;4;Disponible;Heterosexual;,6F@K3S[b.pw:!!
35;Josefa;Gómez;García;M;gomez30;Colombia;Colombia;gomez30@mail.com;14/08/1982;37;;SI;91;25;1;Disponible;Heterosexual;}pmYkf?uGv)?%YD
36;Milagros;López;Cañas;M;milagroslopez;Colombia;Colombia;milagroslopez@correo.com;14/07/1940;79;;NO;27;10;1;Disponible;Heterosexual;G%u6SafJfDNHSP2
37;Juana;Peláez;Zorrilla;M;juanapelaez;Colombia;Colombia;juanapelaez@mail.com;5/05/1994;25;;SI;38;18;2;Disponible;Heterosexual;+R!9pVMAw8MN4jU
38;Lucia;Carretero;Domínguez;M;luciacarretero;Colombia;Colombia;luciacarretero@mail.es;1/09/1995;24;;SI;81;20;1;Inactivo;Heterosexual;Tn{x=z$x5mthqyk
39;María Isabel;Saiz;Martin;M;saiz25;Colombia;Colombia;saiz25@correo.com;10/09/1995;24;;NO;71;71;11;Inactivo;Heterosexual;:=:t#r:nbweR%jT
40;María Dolores;Sánchez;Sánchez;M;mariadoloressanchez;Colombia;Colombia;mariadoloressanchez@correo.net;20/11/1957;61;;NO;38;6;1;Inactivo;Heterosexual;Ez/My]nqwVJJZe&
41;Milagros;Muñiz;Rubio;M;mmuñiz35;Colombia;Colombia;mmuñiz35@email.es;9/08/1958;61;;NO;47;97;0;Disponible;Heterosexual;+LXikc6c2,mA7MJ
42;Manuel;Arellano;Solís;H;manuelarellano;Colombia;Colombia;manuelarellano@mail.es;27/10/1964;55;655,64;No Aplica;32;65;5;Disponible;Heterosexual;&zHgVj}P.AJ7XRW
43;José Luis;Martínez;Cruces;H;martinez74;Colombia;Colombia;martinez74@mail.com;20/07/1974;45;931,84;No Aplica;71;63;1;Inactivo;Heterosexual;/CG+2G*H]2)JtU_
44;Vicente;García;Esteban;H;garcia24;Colombia;Colombia;garcia24@correo.com;29/07/1971;48;810,01;No Aplica;61;22;2;Inactivo;Heterosexual;nzdvJM3:UwXMfZ@
45;María;Barroso;Pérez;M;mar.barroso;Colombia;Colombia;mar.barroso@correo.es;17/02/1964;55;;SI;69;66;1;Disponible;Heterosexual;H4/:NcF@6#+5kR8
46;Mercedes;González;Agüera;M;mergonzalez;Colombia;Colombia;mergonzalez@email.es;14/07/1954;65;;NO;76;72;7;Disponible;Heterosexual;3?uD&e22g+[%8]B
47;Catalina;Arrizabalaga;Bosch;M;catalinaarrizabalaga54;Colombia;Colombia;catalinaarrizabalaga54@correo.net;3/12/1943;75;;SI;76;30;1;Disponible;Heterosexual;ZMFauL7NR$cCG}i
48;Miguel Ángel;Trinidad;Moreno;H;miguelangel.trinidad;Colombia;Colombia;miguelangel.trinidad@email.es;18/01/1994;25;856,05;No Aplica;20;6;1;Disponible;Heterosexual;9zn=bW:!_/e#?WX
49;Rafael;Ordoñez;Gaspar;H;rafordoñez;Colombia;Colombia;rafordoñez@mail.es;1/11/1963;55;686,57;No Aplica;57;58;3;Disponible;Heterosexual;+Uj5Y$G*6g6_!Cr
50;María Carmen;González;Gómez;M;gonzalez77;Colombia;Colombia;gonzalez77@correo.net;11/12/1969;49;;SI;96;67;8;Inactivo;Heterosexual;fb?*mV32XNt=Pvb
51;Ana María;Pérez;Pose;M;anperez;Colombia;Colombia;anperez@email.es;31/03/1970;49;;NO;52;88;6;Disponible;Heterosexual;)kxKMHuJh]W,%}a
52;María Mar;Ribas;Gómez;M;marribas;Colombia;Colombia;marribas@correo.net;24/03/1942;77;;NO;91;12;2;Inactivo;Heterosexual;]v6(DrV.{3-#UYY
53;Álvaro;García;Sánchez;H;alv.garcia;Colombia;Colombia;alv.garcia@correo.com;3/03/1991;28;104,86;No Aplica;60;29;1;Disponible;Heterosexual;+dNerBh.YYN-7Cc
54;Miguel Ángel;Bayona;Piris;H;miguebayona;Colombia;Colombia;miguebayona@email.net;7/09/1953;66;999,28;No Aplica;6;90;0;Inactivo;Heterosexual;ZC{5*d}6)xxe?pa
55;Rocío;Jiménez;Cortes;M;r.jimenez;Colombia;Colombia;r.jimenez@correo.net;17/02/1939;80;;NO;28;22;0;Disponible;Heterosexual;c${:M[{Mb-3+X,W
56;Salvador;Aguilar;Reyes;H;salvadoraguilar;Colombia;Colombia;salvadoraguilar@correo.net;15/02/1935;84;101,11;No Aplica;11;78;1;Disponible;Heterosexual;:KC)USZUWP:Kzcv
57;Isabel;Pérez;Salinas;M;isaperez;Colombia;Colombia;isaperez@mail.es;3/03/1936;83;;NO;66;28;2;Disponible;Heterosexual;-=BUTJE)&[pn:Mg
58;Ana María;Andreu;Pitarch;M;andreu53;Colombia;Colombia;andreu53@mail.net;24/04/1987;32;;NO;76;76;12;Inactivo;Heterosexual;pTiXu({2#}_cLEe
59;Josefa;Juárez;Curiel;M;juarez71;Colombia;Colombia;juarez71@mail.net;16/12/1981;37;;NO;2;95;0;Inactivo;Heterosexual;)PE[J6xhyX::,Dx
60;María Teresa;Elizalde;Pérez;M;marelizalde;Colombia;Colombia;marelizalde@email.es;9/07/1999;20;;NO;6;42;0;Inactivo;Heterosexual;Mg7Bj_!rch3)Nn8
61;Lucia;Moyano;Mercado;M;luciamoyano;Colombia;Colombia;luciamoyano@email.es;10/03/1973;46;;SI;92;79;2;Inactivo;Heterosexual;,[3znWc(L2)nZ%q
62;Manuel;Jover;Juárez;H;jover94;Colombia;Colombia;jover94@correo.net;22/11/1949;69;846,72;No Aplica;86;1;0;Inactivo;Heterosexual;=z/&$n}vSB%b[3V
63;María Carmen;Álvarez;Rodríguez;M;alvarez15;Colombia;Colombia;alvarez15@mail.es;25/11/1969;49;;SI;22;63;3;Disponible;Heterosexual;.gaCthb+_te:_u}
64;Miguel Ángel;Vega;Rodríguez;H;m.vega;Colombia;Colombia;m.vega@mail.net;5/07/1958;61;939,88;No Aplica;40;52;2;Disponible;Heterosexual;r9bRYaW_h:z3]XV
65;María José;Zapata;Gómez;M;mzapata1;Colombia;Colombia;mzapata1@email.es;27/10/2000;19;;NO;66;86;2;Disponible;Heterosexual;hNtka6BEb}*i..U
66;Jesús;Herrera;López;H;j.herrera;Colombia;Colombia;j.herrera@email.net;1/02/1976;43;215,98;No Aplica;94;80;0;Disponible;Heterosexual;UeQCmE:TQ%4y*)a
67;Carmen;Fernández;Romera;M;carfernandez12;Colombia;Colombia;carfernandez12@mail.es;10/08/1954;65;;SI;82;18;0;Disponible;Heterosexual;Bnr#Q:TaTMtMXAU
68;Antonio;Álvarez;Martínez;H;alvarez24;Colombia;Colombia;alvarez24@email.com;20/06/1955;64;515,83;No Aplica;84;3;0;Disponible;Heterosexual;BmJxZcxK4i}k2*}
69;Antonia;Espinosa;Ramírez;M;ant.espinosa;Colombia;Colombia;ant.espinosa@email.es;25/03/1973;46;;SI;92;63;8;Inactivo;Heterosexual;&6:AAU?m6eyFJjk
70;Ángel;Gaona;Zabala;H;angelgaona;Colombia;Colombia;angelgaona@correo.com;29/11/1935;83;335,48;No Aplica;49;62;8;Disponible;Heterosexual;u=)PPqwB].JY:e[
71;Francisco;Cruz;García;H;fra.cruz;Colombia;Colombia;fra.cruz@mail.net;14/12/1943;75;384,69;No Aplica;37;66;5;Disponible;Heterosexual;NPd2n.Q*%[Xckjw
72;Begoña;Herrera;López;M;begherrera59;Colombia;Colombia;begherrera59@correo.es;28/08/1976;43;;SI;71;38;2;Disponible;Heterosexual;=E:#6H+JG:g:g]9
73;Juana;Nieto;Prieto;M;juanieto;Colombia;Colombia;juanieto@email.es;15/08/1992;27;;SI;89;48;4;Inactivo;Heterosexual;rf6q_qmVE[6Ccu=
74;María Pilar;Castaño;Palomino;M;mariapilarcastaño;Colombia;Colombia;mariapilarcastaño@email.net;9/02/1986;33;;SI;45;3;0;Inactivo;Heterosexual;5tnA:L2M)T{N(Qc
75;Isabel;Santiago;Navarro;M;isabelsantiago;Colombia;Colombia;isabelsantiago@email.es;19/12/1990;28;;NO;87;27;3;Disponible;Heterosexual;}EAfprkxa7?c=G@
76;Julia;López;Hernández;M;jlopez;Colombia;Colombia;jlopez@email.es;17/07/1942;77;;NO;82;23;1;Disponible;Heterosexual;HVQFCuxk!R29}aJ
77;Mónica;Ortiz;Navas;M;ortiz98;Colombia;Colombia;ortiz98@mail.net;13/04/1946;73;;NO;74;28;0;Inactivo;Heterosexual;(UHTt?wZmYD2A#(
78;Antonio;Fernández;Jiménez;H;antoniofernandez74;Colombia;Colombia;antoniofernandez74@email.net;23/08/1976;43;87,16;No Aplica;29;64;0;Disponible;Heterosexual;#pC}Vg/u.#gw4cG
79;Francisco;Velázquez;Gimeno;H;f.velazquez;Colombia;Colombia;f.velazquez@mail.es;8/06/1960;59;775,61;No Aplica;83;10;0;Disponible;Heterosexual;{g%e=G#AKc_&V}i
80;María Carmen;Pérez;Segarra;M;marperez81;Colombia;Colombia;marperez81@email.net;26/08/1945;74;;SI;56;86;1;Disponible;Heterosexual;+W}SS@iU(c=wX2h
81;María Carmen;Pintos;Egea;M;pintos5;Colombia;Colombia;pintos5@email.net;1/03/1986;33;;NO;56;98;8;Inactivo;Heterosexual;6zbEubLYa&iX4m!
82;Antonio;Conde;Carpintero;H;conde96;Colombia;Colombia;conde96@correo.es;2/09/1957;62;609,65;No Aplica;96;29;4;Disponible;Heterosexual;d9/mxyD@vvc7qC?
83;Juan;Tejeda;Ferrero;H;tejeda93;Colombia;Colombia;tejeda93@correo.com;24/02/1991;28;895,24;No Aplica;78;80;10;Inactivo;Heterosexual;LZiNXjj4?5(+TM_
84;Ángel;Jiménez;Martin;H;angjimenez;Colombia;Colombia;angjimenez@correo.com;7/07/1961;58;651,15;No Aplica;43;46;4;Inactivo;Heterosexual;A[GHx.xRUw/9Qrh
85;Josefa;Rico;Ripoll;M;josrico49;Colombia;Colombia;josrico49@correo.es;29/12/1989;29;;SI;17;70;0;Inactivo;Heterosexual;KxV:h!dz}D}6!_U
86;José Luis;Guijarro;Robles;H;guijarro54;Colombia;Colombia;guijarro54@correo.es;18/04/1948;71;463,99;No Aplica;37;55;4;Inactivo;Heterosexual;d}w%)BREvFp:djK
87;Francisco;Salinas;Pons;H;fra.salinas;Colombia;Colombia;fra.salinas@email.es;21/11/1949;69;563,31;No Aplica;92;64;9;Disponible;Heterosexual;6dN9br=,7e%#vm=
88;Francisco;Leiva;Cano;H;franciscoleiva;Colombia;Colombia;franciscoleiva@email.com;2/06/1964;55;410,83;No Aplica;69;47;6;Inactivo;Heterosexual;_=B,j@uG5HMUSmv
89;José Luis;Osorio;Suarez;H;jososorio;Colombia;Colombia;jososorio@email.net;21/02/1980;39;826,18;No Aplica;37;34;4;Disponible;Heterosexual;3pS#7*g&QuZEGgh
90;Antonia;Fernández;Sánchez;M;antfernandez;Colombia;Colombia;antfernandez@mail.com;19/06/1968;51;;SI;54;14;2;Inactivo;Heterosexual;CK4/Bf)m3}RL!)3
91;María Pilar;Bejarano;Requena;M;mbejarano34;Colombia;Colombia;mbejarano34@mail.net;21/04/1997;22;;SI;26;3;0;Inactivo;Heterosexual;]BdU7h@)H9mw64W
92;Carmen;Blanca;González;M;blanca30;Colombia;Colombia;blanca30@email.com;12/10/1975;44;;SI;59;24;0;Disponible;Heterosexual;@3dc=Jdyv6FJv#Z
93;Teresa;Calle;Arribas;M;tcalle80;Colombia;Colombia;tcalle80@correo.net;15/08/1944;75;;NO;79;87;12;Inactivo;Heterosexual;@bW4+DJu(9RKzeB
94;Rosa María;Merino;Jiménez;M;rmerino;Colombia;Colombia;rmerino@mail.net;27/03/1954;65;;SI;26;19;3;Disponible;Heterosexual;ZH:N}q&S-mCMt#D
95;Rosa María;Reina;Alonso;M;rosreina;Colombia;Colombia;rosreina@mail.net;17/01/1962;57;;NO;78;99;3;Inactivo;Heterosexual;.?D8PHCk%BFJj6]
96;Cristina;Ilie;Sánchez;M;cristinailie;Colombia;Colombia;cristinailie@mail.net;29/12/1998;20;;NO;58;16;0;Inactivo;Heterosexual;BEHa8+.}(StJzDF
97;Juan Carlos;Sanmartín;Valdivia;H;jsanmartin;Colombia;Colombia;jsanmartin@mail.es;5/10/1944;75;933,21;No Aplica;66;3;0;Inactivo;Heterosexual;JxmE3ceP:tVwT3i
98;Santiago;Ares;Riba;H;santiagoares65;Colombia;Colombia;santiagoares65@correo.com;28/05/1960;59;141,4;No Aplica;75;23;2;Disponible;Heterosexual;RDH[SHpTg)LtY:f
99;Juan;Santos;Sánchez;H;jua.santos;Colombia;Colombia;jua.santos@correo.net;12/11/1958;60;854,3;No Aplica;3;61;0;Disponible;Heterosexual;-$CguNg%2y,QP9E
100;Francisca;Sola;Martin;M;frasola;Colombia;Colombia;frasola@correo.com;6/03/1994;25;;NO;81;88;8;Inactivo;Heterosexual;(b#+8e8Rb[QUuX@
101;José Antonio;Jiménez;González;H;joseantoniojimenez;Colombia;Colombia;joseantoniojimenez@correo.com;24/12/1946;72;390,52;No Aplica;99;95;12;Inactivo;Heterosexual;-PZGgk?.nS]2vTy
102;Jesús;Llorens;Pérez;H;llorens76;Colombia;Colombia;llorens76@mail.net;6/04/1994;25;668,22;No Aplica;77;88;11;Disponible;Heterosexual;jCf?9)J+4e]CRBJ
103;Rosa;Ribas;Páez;M;ribas57;Colombia;Colombia;ribas57@correo.net;21/06/1978;41;;NO;8;90;0;Disponible;Heterosexual;9M*pVY$#?+vJKR!
104;José María;Garmendia;López;H;garmendia19;Colombia;Colombia;garmendia19@mail.es;28/02/1965;54;867,36;No Aplica;26;52;3;Disponible;Heterosexual;!u%852N2MRpd:b#
105;María Dolores;Valle;López;M;mariadolores.valle;Colombia;Colombia;mariadolores.valle@email.com;20/05/2001;18;;NO;13;16;2;Disponible;Heterosexual;4vR%uSe,EXBrxdT
106;Francisco Javier;Cuesta;Rivero;H;franciscojavier.cuesta;Colombia;Colombia;franciscojavier.cuesta@email.com;6/02/1969;50;883,99;No Aplica;18;13;2;Inactivo;Heterosexual;ENR4i6VPZ%}f/.S
107;Alejandro;Parejo;Domingo;H;aleparejo;Colombia;Colombia;aleparejo@mail.net;20/08/1994;25;231,76;No Aplica;43;29;4;Inactivo;Heterosexual;7##E8T2XCd#8djC
108;María Antonia;Martínez;Reverte;M;marmartinez;Colombia;Colombia;marmartinez@email.com;5/11/1951;67;;SI;26;90;1;Inactivo;Heterosexual;PJr,VnSbT-x-N46
109;Laura;Castillo;Saavedra;M;lcastillo;Colombia;Colombia;lcastillo@email.com;17/09/1950;69;;SI;51;90;2;Disponible;Heterosexual;brnUe5C&R}}q{B*
110;Ángel;Rodríguez;Hernández;H;angel.rodriguez;Colombia;Colombia;angel.rodriguez@email.es;6/12/1979;39;191,36;No Aplica;32;42;5;Inactivo;Heterosexual;Nmw,ry:Zp-9zN}c
111;Juan Antonio;Expósito;León;H;jua.exposito;Colombia;Colombia;jua.exposito@email.com;13/07/1967;52;350,16;No Aplica;21;56;0;Inactivo;Heterosexual;ZBdZ:HkL(Ye+:x8
112;Isabel;García;Jordán;M;isabel.garcia;Colombia;Colombia;isabel.garcia@correo.es;7/03/1961;58;;SI;63;37;4;Disponible;Heterosexual;RwHjg+HzpG!G:Rp
113;Carlos;Murillo;Cárceles;H;cmurillo67;Colombia;Colombia;cmurillo67@correo.com;30/08/1965;54;977,67;No Aplica;92;73;10;Inactivo;Heterosexual;g&{g%j*7($56gR,
114;Juan Carlos;Barranco;Gómez;H;jua.barranco;Colombia;Colombia;jua.barranco@mail.com;5/03/1944;75;751,34;No Aplica;73;34;0;Disponible;Heterosexual;%+C7@}XyTRi-!g)
115;Francisco;Francés;Pereira;H;ffrances;Colombia;Colombia;ffrances@email.com;5/01/1954;65;182,07;No Aplica;64;45;1;Disponible;Heterosexual;C6iA7U}$YbM)R$m
116;David;Rodríguez;Duran;H;davrodriguez;Colombia;Colombia;davrodriguez@correo.es;23/04/1948;71;508,01;No Aplica;8;44;0;Inactivo;Heterosexual;Y=Mkdhwq:8.*gxz
117;María Carmen;Millán;Angulo;M;marmillan;Colombia;Colombia;marmillan@email.com;31/08/1954;65;;NO;87;38;4;Inactivo;Heterosexual;{@zvj/5TD!,jmwk
118;María;Alonso;López;M;maralonso44;Colombia;Colombia;maralonso44@email.es;28/07/1974;45;;SI;22;87;0;Disponible;Heterosexual;wT9#Tav!X,Hd+*H
119;Carmen;Carranza;López;M;carmen.carranza;Colombia;Colombia;carmen.carranza@email.net;1/10/1995;24;;NO;3;62;0;Disponible;Heterosexual;x@TAW8ExLy/X(mQ
120;María Josefa;Ruiz;Hernández;M;m.ruiz;Colombia;Colombia;m.ruiz@correo.es;16/12/1963;55;;SI;31;34;3;Disponible;Heterosexual;iue#YqaR@4mKf6b
121;María Carmen;García;Prieto;M;mgarcia;Colombia;Colombia;mgarcia@mail.es;9/06/1969;50;;NO;4;10;0;Inactivo;Heterosexual;.?{K4Q3uv[uT@Dq
122;María José;Bello;Barquero;M;mbello;Colombia;Colombia;mbello@email.net;30/06/1988;31;;SI;66;97;10;Inactivo;Heterosexual;bnmYB58$d6WVJB&
123;Ramón;Carril;Ramos;H;rcarril;Colombia;Colombia;rcarril@mail.com;11/03/1946;73;519,5;No Aplica;22;63;2;Disponible;Heterosexual;[d(=kqcQp.b8MAn
124;María Jesús;González;Osorio;M;margonzalez;Colombia;Colombia;margonzalez@email.com;1/04/1975;44;;SI;97;28;4;Inactivo;Heterosexual;3959/-zUikUWi6i
125;Vicente;Ruiz;Andreu;H;ruiz96;Colombia;Colombia;ruiz96@email.es;21/02/1936;83;949,78;No Aplica;14;71;1;Disponible;Heterosexual;$F/HVC*$pZhBJUM
126;Pilar;Lujan;Campos;M;plujan;Colombia;Colombia;plujan@email.com;16/08/1999;20;;NO;92;61;9;Disponible;Heterosexual;pq/4=Cmuu$e7w5&
127;José Luis;Amorós;López;H;joseluisamoros;Colombia;Colombia;joseluisamoros@mail.net;16/02/1975;44;797,11;No Aplica;53;72;3;Inactivo;Heterosexual;{7w,Hy@HxJ)Xbkv
128;María Dolores;Hernando;Castañeda;M;marhernando;Colombia;Colombia;marhernando@email.es;5/04/1992;27;;SI;58;63;8;Disponible;Heterosexual;bpfanTdQZaJPRa@
129;Ainhoa;Torres;Macías;M;aintorres;Colombia;Colombia;aintorres@email.com;28/07/1966;53;;SI;7;50;1;Inactivo;Heterosexual;VBpazwRSvF*.nC3
130;Mercedes;Martin;Díaz;M;mermartin;Colombia;Colombia;mermartin@email.com;1/06/1994;25;;NO;98;5;0;Inactivo;Heterosexual;5vURzv5AS_uh}6U
131;Raúl;Catalá;Hernández;H;raucatala;Colombia;Colombia;raucatala@mail.com;24/07/1995;24;435,75;No Aplica;100;84;1;Inactivo;Heterosexual;q*,zXM[R/!Mj#R6
132;María Pilar;Gómez;Alonso;M;gomez13;Colombia;Colombia;gomez13@mail.com;4/07/1975;44;;NO;56;24;1;Inactivo;Heterosexual;Lih&cSE+6Dx}=X+
133;Andrea;Fernández;Sancho;M;andfernandez;Colombia;Colombia;andfernandez@mail.es;12/07/1974;45;;SI;57;71;1;Disponible;Heterosexual;:VJh$[=M6?,D)NG
134;Teresa;Álvarez;Costa;M;talvarez;Colombia;Colombia;talvarez@email.net;5/08/1991;28;;NO;73;52;0;Inactivo;Heterosexual;zRqDc_Yz6]Me%Ak
135;Sergio;González;Moyano;H;sergiogonzalez;Colombia;Colombia;sergiogonzalez@correo.net;7/09/1977;42;396,21;No Aplica;75;61;6;Inactivo;Heterosexual;%Qca_rae$BjNbdh
136;Jesús;García;Ballesteros;H;jgarcia;Colombia;Colombia;jgarcia@email.com;2/07/1969;50;245,05;No Aplica;29;38;2;Inactivo;Heterosexual;R?W-=R$_7yHn:2#
137;Sergio;Losada;Espinosa;H;s.losada;Colombia;Colombia;s.losada@correo.es;1/07/1943;76;203,02;No Aplica;20;5;0;Disponible;Heterosexual;C%pW3UEuwXV:QS*
138;Alfonso;Julián;Centeno;H;julian39;Colombia;Colombia;julian39@correo.net;9/07/1984;35;967,56;No Aplica;46;20;1;Disponible;Heterosexual;7V?5]axZ#vGPPU_
139;Álvaro;Díaz;Valero;H;alvarodiaz;Colombia;Colombia;alvarodiaz@correo.es;13/06/1951;68;569,13;No Aplica;1;50;0;Disponible;Heterosexual;Z)#qQ&ygFg(H4*R
140;Ángel;Álvarez;Heredia;H;aalvarez;Colombia;Colombia;aalvarez@mail.com;26/04/1961;58;175,25;No Aplica;95;25;2;Inactivo;Heterosexual;%Tpc2p*vRN$qwP.
141;Miguel;Muñoz;Sánchez;H;mmuñoz;Colombia;Colombia;mmuñoz@email.com;14/11/1974;44;930,21;No Aplica;45;8;1;Disponible;Heterosexual;]:ND+]j3ED_wr&K
142;Josefa;Bernárdez;García;M;j.bernardez;Colombia;Colombia;j.bernardez@email.es;10/11/1993;25;;SI;81;30;2;Inactivo;Heterosexual;@3+?y7c2D/iXCqx
143;Miguel;Roca;Alba;H;mroca;Colombia;Colombia;mroca@correo.es;28/10/1937;82;401,26;No Aplica;12;62;2;Inactivo;Heterosexual;[Xz9v(NJZqw59ue
144;Natalia;Nieto;Martínez;M;natalianieto;Colombia;Colombia;natalianieto@email.com;4/08/1939;80;;SI;30;5;0;Inactivo;Heterosexual;:e%TDv$u@iv*?qW
145;María Isabel;Elena;Ocaña;M;m.elena;Colombia;Colombia;m.elena@email.com;8/07/1996;23;;NO;1;10;0;Disponible;Heterosexual;mA+jTD3*WFbm*M]
146;Marta;López;Mendoza;M;mlopez12;Colombia;Colombia;mlopez12@mail.es;30/07/1937;82;;NO;54;34;1;Disponible;Heterosexual;{#D:}jc]Q6&+zZ=
147;Antonio;Neira;Díaz;H;a.neira;Colombia;Colombia;a.neira@mail.es;29/01/1972;47;407,85;No Aplica;90;60;3;Disponible;Heterosexual;naCZ#YFv4/:(}.U
148;Miguel Ángel;Sánchez;González;H;msanchez;Colombia;Colombia;msanchez@mail.es;9/08/1986;33;364,52;No Aplica;91;36;6;Inactivo;Heterosexual;Z.x9&WKWU(3D&}a
149;Pilar;Robles;Vila;M;robles90;Colombia;Colombia;robles90@email.com;1/02/1944;75;;SI;77;90;12;Inactivo;Heterosexual;r/Dr$:W:aaEt3,G
150;Antonia;Casal;Gómez;M;antoniacasal;Colombia;Colombia;antoniacasal@correo.net;29/03/1936;83;;SI;95;82;12;Inactivo;Heterosexual;udc_83G@PS54jYg
151;Juan José;Godoy;Roca;H;jgodoy;Colombia;Colombia;jgodoy@correo.net;20/07/1936;83;772,62;No Aplica;85;87;13;Disponible;Heterosexual;HdWkE8?(H?zZCub
152;María Pilar;Navarro;Almendros;M;marinavarro;Colombia;Colombia;marinavarro@email.com;18/12/1963;55;;SI;62;17;2;Inactivo;Heterosexual;n&#C/mw.&tgPGGQ
153;María Dolores;Ureña;Pena;M;mariadolores.ureña;Colombia;Colombia;mariadolores.ureña@email.com;30/07/1992;27;;SI;90;60;5;Inactivo;Heterosexual;8q%/+2*VKjK(kbx
154;María Rosario;Peralta;Hernández;M;mperalta;Colombia;Colombia;mperalta@email.com;5/04/1949;70;;NO;98;38;3;Inactivo;Heterosexual;-4?Z-Sr%yRt6r2#
155;Mónica;Castillo;Párraga;M;monicacastillo;Colombia;Colombia;monicacastillo@correo.es;30/05/1978;41;;SI;21;22;0;Disponible;Heterosexual;]7[=S2HezXv5p8{
156;María Luisa;Del Rio;Gómez;M;marialuisade;Colombia;Colombia;marialuisade@mail.com;27/04/1961;58;;SI;52;88;7;Inactivo;Heterosexual;Ag{h:Z84*Syq,G$
157;José;Cortes;Fernández;H;jcortes;Colombia;Colombia;jcortes@mail.net;27/07/1969;50;766,82;No Aplica;57;25;4;Inactivo;Heterosexual;:F6Sie}L,)6*G}i
158;Marta;Marcos;Viejo;M;marcos88;Colombia;Colombia;marcos88@correo.com;12/06/1956;63;;SI;8;43;0;Inactivo;Heterosexual;r+]u)e*+g[YZe,=
159;Rafael;García;Márquez;H;rafaelgarcia78;Colombia;Colombia;rafaelgarcia78@mail.com;21/10/1946;73;799,41;No Aplica;91;2;0;Disponible;Heterosexual;NcvNS(@7=9CLi3T
160;Anna;Mera;Pizarro;M;anna.mera;Colombia;Colombia;anna.mera@mail.com;14/05/1983;36;;NO;48;19;3;Disponible;Heterosexual;PKYNy(+S?e*eSS$
161;José Antonio;Núñez;García;H;jnuñez;Colombia;Colombia;jnuñez@correo.net;16/08/1962;57;870,13;No Aplica;12;6;1;Disponible;Heterosexual;$(D[Wu3B6gjRkub
162;María Carmen;Marín;Marrero;M;marmarin;Colombia;Colombia;marmarin@mail.net;23/07/1961;58;;NO;56;70;2;Inactivo;Heterosexual;gjmyJ8rP#{W.{G2
163;Ángel;Merino;Mera;H;merino48;Colombia;Colombia;merino48@mail.net;15/11/1978;40;67,67;No Aplica;68;76;2;Disponible;Heterosexual;(,KCRm_!qk&{r=F
164;María Teresa;Huang;Pino;M;huang31;Colombia;Colombia;huang31@email.net;2/08/1984;35;;NO;38;96;2;Disponible;Heterosexual;:6TuS=wC&wn!K3q
165;María;Georgiev;Tejada;M;georgiev89;Colombia;Colombia;georgiev89@mail.com;19/02/1964;55;;NO;89;96;2;Disponible;Heterosexual;w]MMuM2DR-:Gfq{
166;Mercedes;Gutiérrez;Molina;M;gutierrez90;Colombia;Colombia;gutierrez90@correo.com;25/01/1953;66;;SI;66;20;2;Inactivo;Heterosexual;-7H$ZLexR)Yc8m9
167;Miguel;Cueto;Muñoz;H;m.cueto;Colombia;Colombia;m.cueto@correo.com;28/07/1953;66;417,9;No Aplica;10;33;0;Inactivo;Heterosexual;m!CGFhMbg)6vy/f
168;Francisco Javier;Sánchez;Castillo;H;sanchez55;Colombia;Colombia;sanchez55@email.com;22/09/1960;59;316,16;No Aplica;30;3;0;Inactivo;Heterosexual;Gb/ZiP8%tc@jE?:
169;Marta;Del Castillo;Saavedra;M;de79;Colombia;Colombia;de79@email.com;22/08/1986;33;;SI;35;27;4;Inactivo;Heterosexual;5(NxJqq?3K--v{,
170;Rafael;Alonso;Barbero;H;alonso95;Colombia;Colombia;alonso95@email.net;19/01/1979;40;73,78;No Aplica;43;10;0;Inactivo;Heterosexual;BWdhuQ/c)=]mEfB
171;María Pilar;Talavera;Escobar;M;maritalavera;Colombia;Colombia;maritalavera@mail.com;13/01/1954;65;;SI;33;6;0;Inactivo;Heterosexual;D:_?Len/qcpN9]6
172;Javier;Cano;Ruiz;H;cano13;Colombia;Colombia;cano13@correo.es;21/05/1998;21;787,99;No Aplica;43;9;1;Inactivo;Heterosexual;}bUQgJA:g]rSZk!
173;María Teresa;Barbero;Malo;M;barbero96;Colombia;Colombia;barbero96@email.com;23/06/1943;76;;NO;66;37;1;Disponible;Heterosexual;[:WRLi-&#&KE8?9
174;María Carmen;Gómez;Herrero;M;mar.gomez;Colombia;Colombia;mar.gomez@email.com;9/05/1945;74;;SI;51;18;3;Inactivo;Heterosexual;}u2Wue5uTLT%v:X
175;Manuel;Ortiz;Sánchez;H;ortiz23;Colombia;Colombia;ortiz23@mail.com;4/02/1971;48;134,34;No Aplica;39;4;0;Inactivo;Heterosexual;z%3i$D{XZU!nar}
176;María Jesús;Camacho;Ospina;M;maricamacho;Colombia;Colombia;maricamacho@mail.com;3/08/1937;82;;SI;58;11;0;Inactivo;Heterosexual;Vp2%t6FZH:}n=JZ
177;Rafaela;Pérez;Bellón;M;rperez;Colombia;Colombia;rperez@email.es;3/04/1980;39;;NO;6;60;1;Inactivo;Heterosexual;uLB]Lnr@u_8.6r,
178;Joaquín;Vidal;Alvarado;H;joaquin.vidal;Colombia;Colombia;joaquin.vidal@mail.com;30/08/1975;44;898,2;No Aplica;21;40;0;Disponible;Heterosexual;t7u$AcBgqpDx8yQ
179;Alfonso;Padilla;Marques;H;alfonsopadilla52;Colombia;Colombia;alfonsopadilla52@correo.com;8/03/1948;71;617,26;No Aplica;89;87;6;Inactivo;Heterosexual;a)%LdcpufLU&QJf
180;Josefa;Marques;Contreras;M;jmarques;Colombia;Colombia;jmarques@correo.com;1/08/1947;72;;SI;97;66;3;Inactivo;Heterosexual;ffJv7hVUgpKk[=%
181;Miguel Ángel;Rubio;López;H;migrubio;Colombia;Colombia;migrubio@correo.es;21/10/1969;50;414,1;No Aplica;55;13;1;Inactivo;Heterosexual;VxzD#cA9%*_M.6/
182;Manuela;Mengual;Bueno;M;manuelamengual82;Colombia;Colombia;manuelamengual82@correo.es;11/11/1987;31;;SI;81;26;2;Disponible;Heterosexual;%ytk5,-6uvm{C=G
183;Miguel Ángel;Fernández;Bravo;H;migue.fernandez;Colombia;Colombia;migue.fernandez@correo.com;4/07/1962;57;339,21;No Aplica;53;63;4;Inactivo;Heterosexual;BM*E+?$aS6n8epG
184;Francisco;Carranza;Garcés;H;franciscocarranza;Colombia;Colombia;franciscocarranza@correo.net;27/11/1996;22;371,32;No Aplica;23;98;3;Inactivo;Heterosexual;f,#hBE$@zG+P3EZ
185;Josefa;García;García;M;josgarcia;Colombia;Colombia;josgarcia@mail.com;1/04/1991;28;;NO;13;28;1;Inactivo;Heterosexual;SpMzDuyf?.J.rC#
186;Dolores;Atienza;Ribeiro;M;dolatienza;Colombia;Colombia;dolatienza@mail.es;24/05/1970;49;;SI;39;28;4;Inactivo;Heterosexual;2$)L+!&:RDrUy-E
187;Enrique;Guerrero;Barragán;H;guerrero17;Colombia;Colombia;guerrero17@mail.es;18/10/1937;82;658,96;No Aplica;54;72;6;Inactivo;Heterosexual;S!eHJ_i)8-zQ4,k
188;Rosa María;Chica;Costa;M;roschica67;Colombia;Colombia;roschica67@correo.es;21/08/1952;67;;NO;9;1;0;Disponible;Heterosexual;hb)!Q$N&6b?:TnG
189;Juan José;Campos;García;H;j.campos;Colombia;Colombia;j.campos@email.net;30/11/1959;59;643,03;No Aplica;77;42;2;Disponible;Heterosexual;MJ&TiF[:bLg@P,d
190;Francisco Javier;Piñero;Tovar;H;frapiñero;Colombia;Colombia;frapiñero@email.es;18/08/1977;42;679,75;No Aplica;45;6;0;Disponible;Heterosexual;TJ9-&dFtaNC.L&-
191;Alejandro;Lastra;Mora;H;alejandrolastra100;Colombia;Colombia;alejandrolastra100@correo.net;15/11/1962;56;477,9;No Aplica;30;79;0;Disponible;Heterosexual;8C839hy]bbBjTMU
192;Inmaculada;Asensio;Moral;M;iasensio25;Colombia;Colombia;iasensio25@correo.net;4/03/1987;32;;SI;72;19;1;Inactivo;Heterosexual;a2CrY)HN$7E&Zp]
193;Cristina;Cabrera;Barranco;M;cabrera66;Colombia;Colombia;cabrera66@email.com;13/12/1962;56;;SI;75;100;10;Disponible;Heterosexual;jSew)VPuxpxWu&(
194;Mercedes;Díaz;Cantos;M;merdiaz;Colombia;Colombia;merdiaz@email.net;18/01/1962;57;;NO;81;20;3;Disponible;Heterosexual;7:xEWdL=BDC@gja
195;José Luis;García;Pereira;H;jos.garcia;Colombia;Colombia;jos.garcia@correo.es;27/02/2001;18;477,86;No Aplica;10;11;0;Disponible;Heterosexual;f)},HjmvG:K@j:g
196;Francisco;Santiago;Navarro;H;santiago26;Colombia;Colombia;santiago26@correo.es;14/04/1942;77;947,54;No Aplica;90;85;0;Inactivo;Heterosexual;TJT7!$Tm@:g{RD2
197;Antonio;Otero;Navas;H;ant.otero;Colombia;Colombia;ant.otero@email.net;24/04/1957;62;908,69;No Aplica;14;65;0;Disponible;Heterosexual;4n{UXwpUzrV6y35
198;María;González;Ferreras;M;mgonzalez45;Colombia;Colombia;mgonzalez45@correo.com;10/09/1943;76;;NO;3;93;0;Disponible;Heterosexual;..m-:=X(7CW#%.Q
199;Juan Antonio;García;Merino;H;garcia32;Colombia;Colombia;garcia32@mail.es;9/02/1989;30;235,93;No Aplica;15;46;2;Inactivo;Heterosexual;ZP{!k8zZx=yaZ:Q
200;Jorge;Abad;García;H;jorgeabad;Colombia;Colombia;jorgeabad@mail.net;30/01/1950;69;354,45;No Aplica;34;90;4;Disponible;Heterosexual;V#$FUV2NV(jv%BF
201;Ángel;González;Conde;H;agonzalez;Colombia;Colombia;agonzalez@mail.es;27/11/1958;60;957,86;No Aplica;61;78;6;Disponible;Heterosexual;VqDh-quBt9ry]Ky
202;Marina;Casas;Amores;M;marcasas;Colombia;Colombia;marcasas@correo.com;23/11/1971;47;;SI;75;98;9;Inactivo;Heterosexual;mr@YCZ[KHwD4Q==
203;Beatriz;Catalán;González;M;beacatalan;Colombia;Colombia;beacatalan@email.com;23/05/1993;26;;SI;45;80;3;Disponible;Heterosexual;T_7T4cP5-:HPPhT
204;Miguel;Marco;Peláez;H;mig.marco;Colombia;Colombia;mig.marco@correo.com;6/06/1953;66;704,58;No Aplica;46;12;1;Inactivo;Heterosexual;vq$+PpjArnDa3fT
205;Carmen;Fernández;Tejedor;M;carfernandez;Colombia;Colombia;carfernandez@correo.es;8/01/1948;71;;NO;9;90;0;Inactivo;Heterosexual;9Qc_rEM-eR7*u+*
206;Enrique;Rodríguez;Mena;H;enrrodriguez;Colombia;Colombia;enrrodriguez@mail.com;9/09/1953;66;443,1;No Aplica;36;23;1;Disponible;Heterosexual;b?}u7&KS{RKLN$j
207;Juana;Cabrera;Sánchez;M;jua.cabrera;Colombia;Colombia;jua.cabrera@mail.net;5/04/1971;48;;SI;78;15;2;Disponible;Heterosexual;[$KL[t-6@r.55EX
208;Pablo;Esteve;Galán;H;pabloesteve;Colombia;Colombia;pabloesteve@mail.es;11/09/1988;31;303,27;No Aplica;73;42;2;Disponible;Heterosexual;,.h/-vQ@X*PMNL5
209;Manuel;Carrión;Fernández;H;manuelcarrion;Colombia;Colombia;manuelcarrion@email.com;17/08/1962;57;297,56;No Aplica;80;51;5;Disponible;Heterosexual;PHM3aG5m:5Wqr7?
210;Alicia;Sáez;Gómez;M;alisaez;Colombia;Colombia;alisaez@mail.net;19/03/1935;84;;NO;3;6;0;Inactivo;Heterosexual;]ub*Q8&]3wDC{M3
211;Isabel;Morales;Salgado;M;isabel.morales;Colombia;Colombia;isabel.morales@email.es;14/09/1994;25;;NO;4;77;0;Inactivo;Heterosexual;cF2/j2g.2:GR:%%
212;Sergio;Moya;Moral;H;moya67;Colombia;Colombia;moya67@correo.net;19/03/1936;83;129,26;No Aplica;13;9;0;Inactivo;Heterosexual;B8YMA[f_p5!4A+t
213;Ángeles;Casado;López;M;a.casado;Colombia;Colombia;a.casado@email.net;30/10/1948;71;;NO;94;54;8;Inactivo;Heterosexual;6g!*z{Sxd-Xmx}x
214;Jaume;Ferri;Moreno;H;jaumeferri;Colombia;Colombia;jaumeferri@email.es;31/01/1947;72;616,92;No Aplica;17;49;0;Disponible;Heterosexual;=U9N+i)u-twpdtA
215;Ana;Alarcón;Lujan;M;anaalarcon;Colombia;Colombia;anaalarcon@email.com;14/12/1996;22;;NO;62;83;5;Inactivo;Heterosexual;mG*_(ApviPXtBST
216;Rosa;Pons;Ramos;M;rpons;Colombia;Colombia;rpons@mail.es;9/07/1993;26;;SI;47;66;4;Inactivo;Heterosexual;p5BYM:meQY_UA&-
217;Adrián;Rey;Quintanilla;H;adr.rey;Colombia;Colombia;adr.rey@correo.net;21/11/1968;50;698,55;No Aplica;71;71;0;Disponible;Heterosexual;,L+79uxYcF?aZSZ
218;Rosario;Ramírez;Lago;M;rosarioramirez;Colombia;Colombia;rosarioramirez@correo.com;12/07/1937;82;;SI;30;58;1;Disponible;Heterosexual;=:,g_[E]y?m8,)/
219;Carmen;Martínez;Rodríguez;M;cmartinez;Colombia;Colombia;cmartinez@correo.net;5/06/1992;27;;NO;83;26;0;Inactivo;Heterosexual;Pv_6fwnUERT%@B=
220;Rosa María;Chamorro;Lago;M;roschamorro;Colombia;Colombia;roschamorro@correo.net;22/11/1959;59;;SI;15;24;0;Disponible;Heterosexual;J_C:G:!jrupvv{M
221;María;Cid;Gómez;M;marcid;Colombia;Colombia;marcid@mail.es;27/02/1985;34;;SI;31;31;1;Inactivo;Heterosexual;%8%tqD8@cQnHTVK
222;Manuel;Castaño;Diez;H;castaño2;Colombia;Colombia;castaño2@correo.com;24/07/1979;40;943,71;No Aplica;47;7;0;Inactivo;Heterosexual;2Qi86QpB})Mexr.
223;María Dolores;Rosa;García;M;m.rosa;Colombia;Colombia;m.rosa@email.com;30/07/1943;76;;NO;5;59;0;Inactivo;Heterosexual;a8AScMD7#a@dqBj
224;Marta;García;González;M;margarcia96;Colombia;Colombia;margarcia96@mail.net;6/07/1962;57;;SI;50;84;7;Inactivo;Heterosexual;SeA)dvrgc4d@7ex
225;Javier;Rico;López;H;jrico;Colombia;Colombia;jrico@email.es;8/12/1982;36;366,55;No Aplica;23;98;1;Disponible;Heterosexual;%gg?USP24,42Qyh
226;Mohamed;Moreno;Rodríguez;H;mohamedmoreno47;Colombia;Colombia;mohamedmoreno47@mail.com;11/07/1944;75;648,21;No Aplica;34;77;4;Inactivo;Heterosexual;%Q:-Jq=@r$*:R,!
227;Diego;Alfaro;Sánchez;H;alfaro21;Colombia;Colombia;alfaro21@email.net;8/04/1969;50;419,6;No Aplica;5;36;0;Inactivo;Heterosexual;inp+r4Zr[qa-$M7
228;Ignacio;Hernández;Aznar;H;hernandez7;Colombia;Colombia;hernandez7@correo.net;16/07/1954;65;604,63;No Aplica;76;24;3;Inactivo;Heterosexual;Ti/=L,d?wC%V,Q/
229;Jesús;Gutiérrez;Fernández;H;gutierrez88;Colombia;Colombia;gutierrez88@mail.es;19/02/1982;37;313,43;No Aplica;90;78;9;Disponible;Heterosexual;G!Xh2}Tax9G2589
230;Josefa;García;Sánchez;M;josefagarcia;Colombia;Colombia;josefagarcia@email.net;26/05/1963;56;;SI;33;74;5;Inactivo;Heterosexual;XdHD.=tPe@Zu6t=
231;María Jesús;Escalera;Fernández;M;mariajesusescalera54;Colombia;Colombia;mariajesusescalera54@email.com;26/11/1940;78;;NO;30;51;5;Inactivo;Heterosexual;Q.ik4SZmb%:..Wt
232;María Isabel;Reyes;García;M;marireyes;Colombia;Colombia;marireyes@email.es;9/11/1961;57;;SI;45;84;7;Disponible;Heterosexual;Dz%NHnFtM!9@*-/
233;María Jesús;Marín;Poza;M;m.marin;Colombia;Colombia;m.marin@correo.net;30/11/1964;54;;NO;76;61;0;Inactivo;Heterosexual;QbJf:K:72JK]+Fp
234;Antonia;López;Román;M;antonialopez40;Colombia;Colombia;antonialopez40@mail.es;18/08/1952;67;;NO;35;83;1;Disponible;Heterosexual;Ye!_Tm4j[]R6#j-
235;José Antonio;Ruiz;Iglesias;H;josruiz29;Colombia;Colombia;josruiz29@mail.es;24/03/1960;59;973,23;No Aplica;83;18;1;Disponible;Heterosexual;VEc4X/p6weQUDxT
236;Carlos;Pérez;Varela;H;perez71;Colombia;Colombia;perez71@mail.com;1/08/1954;65;875,73;No Aplica;95;96;14;Disponible;Heterosexual;rHB5LqJ/,XL_cZk
237;Antonio;Benavent;Pérez;H;abenavent;Colombia;Colombia;abenavent@mail.es;16/05/1936;83;784,4;No Aplica;62;29;2;Inactivo;Heterosexual;t/K#vVKuAr2-.d6
238;María;Toledo;González;M;mariatoledo;Colombia;Colombia;mariatoledo@mail.net;29/07/1964;55;;SI;44;34;3;Inactivo;Heterosexual;8cNiT*nvqk+Lat%
239;Pilar;Macías;Carmona;M;pilmacias;Colombia;Colombia;pilmacias@email.es;21/12/1953;65;;SI;52;94;5;Disponible;Heterosexual;q5!p3AWAawM)C7_
240;Irene;Torres;García;M;itorres;Colombia;Colombia;itorres@correo.es;4/05/1961;58;;NO;19;93;0;Inactivo;Heterosexual;ALY:}5]qKcCqE*/
241;Francisco Javier;Martin;Ros;H;franciscojaviermartin18;Colombia;Colombia;franciscojaviermartin18@mail.net;8/07/1979;40;776,17;No Aplica;2;77;0;Disponible;Heterosexual;.xH&F}?#%NZ8Jc9
242;Miguel Ángel;Peña;Rodríguez;H;migpeña;Colombia;Colombia;migpeña@email.net;13/08/1956;63;709,33;No Aplica;93;63;9;Inactivo;Heterosexual;F@$!f#tBM6gA2:z
243;Antonio;Parra;Hinojosa;H;antonioparra1;Colombia;Colombia;antonioparra1@correo.es;16/02/1998;21;878,38;No Aplica;95;100;13;Inactivo;Heterosexual;9)Q#@WK*GEJjDEp
244;Carlos;De la Fuente;López;H;d57;Colombia;Colombia;d57@mail.es;17/05/1997;22;946,24;No Aplica;26;73;4;Disponible;Heterosexual;2vQ:th!W$_9k&9/
245;Nuria;Salguero;Rodríguez;M;nuria.salguero;Colombia;Colombia;nuria.salguero@correo.com;16/11/1939;79;;SI;63;16;1;Disponible;Heterosexual;4_,Ar#H.5-@Hu[G
246;Jesús;Mansilla;García;H;j.mansilla;Colombia;Colombia;j.mansilla@mail.es;24/02/1944;75;158,26;No Aplica;4;31;0;Disponible;Heterosexual;UVzWY#9Qimt.@6/
247;Amparo;Plata;Berrio;M;amp.plata;Colombia;Colombia;amp.plata@correo.es;8/01/1969;50;;SI;33;80;4;Inactivo;Heterosexual;jifDu5@QjxS:+_u
248;Ángel;Alonso;Muñoz;H;angel.alonso;Colombia;Colombia;angel.alonso@mail.net;6/11/1940;78;274,24;No Aplica;96;34;5;Inactivo;Heterosexual;,y4j&ttu{[QZ7SY
249;Antonia;Salazar;Pascual;M;antsalazar71;Colombia;Colombia;antsalazar71@correo.net;28/09/1975;44;;NO;37;21;3;Inactivo;Heterosexual;$3[HHF&zdz3F78@
250;Antonio;Cervera;Jiménez;H;acervera89;Colombia;Colombia;acervera89@correo.es;25/08/1947;72;456,38;No Aplica;11;19;1;Inactivo;Heterosexual;u--wVvR9$NViQ/$
251;María Teresa;Stoica;López;M;mar.stoica;Colombia;Colombia;mar.stoica@email.com;12/10/1945;74;;NO;46;39;5;Inactivo;Heterosexual;uZ)(S3c:?6wk3Ya
252;Susana;Pérez;González;M;susana.perez;Colombia;Colombia;susana.perez@correo.net;2/03/1952;67;;NO;34;51;5;Disponible;Heterosexual;*2]XB(MdveH6:j7
253;Pablo;Cortes;Mora;H;pabcortes95;Colombia;Colombia;pabcortes95@email.com;25/03/1981;38;248,45;No Aplica;82;42;6;Inactivo;Heterosexual;v.QD.dk/85h(%uR
254;Marta;Yáñez;Moya;M;martayañez;Colombia;Colombia;martayañez@email.es;2/05/1980;39;;NO;78;78;4;Disponible;Heterosexual;$fmW2N_aYnUQ}*F
255;María;Mateos;Merino;M;mmateos;Colombia;Colombia;mmateos@mail.net;14/09/1941;78;;SI;55;8;0;Disponible;Heterosexual;*3=E!qL(WhS6N!:
256;Teresa;García;Rodríguez;M;garcia50;Colombia;Colombia;garcia50@correo.com;22/11/1970;48;;SI;75;60;8;Disponible;Heterosexual;hQ&?(3cME(a=&Vr
257;Irene;Álvarez;Santana;M;irene.alvarez;Colombia;Colombia;irene.alvarez@email.es;20/11/1991;27;;NO;24;3;0;Inactivo;Heterosexual;bc2]T[evwU&8KhC
258;Francisco;Román;González;H;roman43;Colombia;Colombia;roman43@email.com;23/12/1943;75;276,39;No Aplica;93;57;0;Inactivo;Heterosexual;Qq:B$gY8Exy?/7B
259;Ángel;García;Montero;H;garcia20;Colombia;Colombia;garcia20@email.es;20/03/1976;43;498,74;No Aplica;7;12;1;Inactivo;Heterosexual;6VX3qg4u_hLTxJ,
260;María Carmen;García;Serrano;M;mariacarmengarcia43;Colombia;Colombia;mariacarmengarcia43@email.net;19/07/1985;34;;SI;80;33;3;Inactivo;Heterosexual;2%f]a&txw]pfY&.
261;Amparo;Mejías;Alarcón;M;amejias;Colombia;Colombia;amejias@mail.com;17/04/1943;76;;NO;24;49;0;Disponible;Heterosexual;MhuG-wwL#&LJLY7
262;Carmen;Martínez;Doval;M;car.martinez;Colombia;Colombia;car.martinez@email.es;24/02/1939;80;;NO;36;14;0;Inactivo;Heterosexual;%R_[EGPj9ZBPD:A
263;Antonio;Calvo;Ordoñez;H;acalvo;Colombia;Colombia;acalvo@email.es;10/05/1989;30;394,87;No Aplica;75;10;0;Inactivo;Heterosexual;R{m9yV-@:,dwVwh
264;Ana;Fernández;Mas;M;fernandez61;Colombia;Colombia;fernandez61@correo.com;5/09/1985;34;;NO;7;51;1;Inactivo;Heterosexual;Weme[E8TBiy3a:m
265;Daniel;Fernández;Salazar;H;d.fernandez;Colombia;Colombia;d.fernandez@email.es;25/10/1943;76;195,22;No Aplica;39;36;0;Inactivo;Heterosexual;_yVqe[bx[gN$A27
266;José Luis;Ortega;Herrera;H;jos.ortega;Colombia;Colombia;jos.ortega@email.net;27/03/1963;56;248,42;No Aplica;62;47;5;Inactivo;Heterosexual;(FN*Y{f_c[9[HA:
267;Mónica;Carrasco;Escribano;M;monica.carrasco;Colombia;Colombia;monica.carrasco@correo.com;10/02/1968;51;;NO;96;93;6;Inactivo;Heterosexual;yjz%u!,:SyG_i$H
268;José Luis;Rosell;González;H;jrosell;Colombia;Colombia;jrosell@mail.com;28/02/1965;54;285,61;No Aplica;71;34;4;Disponible;Heterosexual;.MYwdpB6nG&8acZ
269;María;Álvarez;Ramón;M;malvarez;Colombia;Colombia;malvarez@email.es;5/10/1954;65;;NO;40;68;3;Disponible;Heterosexual;Kjnk7y2:.pT/ekY
270;Manuel;Fernández;Dueñas;H;manuelfernandez5;Colombia;Colombia;manuelfernandez5@mail.net;24/12/1992;26;267,8;No Aplica;88;89;14;Disponible;Heterosexual;fnqW*=97MPA&#qR
271;José;Cabeza;Fernández;H;jos.cabeza;Colombia;Colombia;jos.cabeza@email.com;10/04/1997;22;94,18;No Aplica;25;51;4;Disponible;Heterosexual;:VRhwHzR4@v)m?w
272;Pablo;Alonso;Rius;H;palonso65;Colombia;Colombia;palonso65@email.es;24/01/1947;72;523,8;No Aplica;14;9;0;Inactivo;Heterosexual;#&q9eVb(PDKSvWx
273;Antonio;Pinto;Herrera;H;pinto87;Colombia;Colombia;pinto87@email.com;4/09/1964;55;53,74;No Aplica;49;45;4;Inactivo;Heterosexual;Zy!DjQTPCeG@VXp
274;Beatriz;Pérez;Hernández;M;bperez87;Colombia;Colombia;bperez87@mail.com;11/05/1986;33;;NO;86;74;12;Disponible;Heterosexual;ZM[iU&=Pc:7EwGg
275;Antonio;Ruiz;Vicente;H;antruiz;Colombia;Colombia;antruiz@email.es;3/07/2001;18;462,1;No Aplica;14;11;0;Disponible;Heterosexual;AXEt4/$7H,Q:M&m
276;Juan Antonio;López;García;H;lopez67;Colombia;Colombia;lopez67@mail.net;15/04/1994;25;481,66;No Aplica;71;96;5;Disponible;Heterosexual;RKk%7xD6v:bwWr!
277;María;Martin;García;M;martin99;Colombia;Colombia;martin99@mail.com;23/04/1959;60;;NO;31;37;0;Disponible;Heterosexual;Y$9jY.{7:@#:Zpi
278;José;Ortiz;Martínez;H;josortiz;Colombia;Colombia;josortiz@email.net;2/09/1977;42;851,1;No Aplica;41;6;1;Inactivo;Heterosexual;M]Btn+(V4CPkZ:G
279;María Magdalena;Llopis;Alba;M;mariamagdalena.llopis;Colombia;Colombia;mariamagdalena.llopis@email.com;15/04/1937;82;;NO;87;1;0;Disponible;Heterosexual;+dx]qNR(ftidnpJ
280;Álvaro;Fernández;García;H;alvarofernandez;Colombia;Colombia;alvarofernandez@mail.net;14/06/1977;42;76,86;No Aplica;74;6;1;Inactivo;Heterosexual;E3VF(rX7i,H@[y#
281;Rafael;Casal;Sánchez;H;rafael.casal;Colombia;Colombia;rafael.casal@correo.net;26/07/1937;82;716,21;No Aplica;97;17;2;Inactivo;Heterosexual;59f.:gw9(r#,v-E
282;Laura;Sánchez;De la Torre;M;lau.sanchez;Colombia;Colombia;lau.sanchez@correo.net;19/04/1949;70;;SI;100;18;3;Inactivo;Heterosexual;T+-bQXQ($v:V.++
283;María Mar;Espinosa;Blanco;M;m.espinosa;Colombia;Colombia;m.espinosa@correo.net;27/12/1980;38;;NO;58;28;0;Inactivo;Heterosexual;CC+EJ4G)jGKB5fc
284;Javier;Mesa;Expósito;H;mesa38;Colombia;Colombia;mesa38@mail.com;21/11/1994;24;713,48;No Aplica;24;9;1;Inactivo;Heterosexual;BzHp{qR5Cx@8Z:z
285;Jorge;De la Calle;Fernández;H;jordelacalle55;Colombia;Colombia;jordelacalle55@email.net;26/11/1959;59;618,65;No Aplica;42;78;3;Inactivo;Heterosexual;P#HLTY#-8=4D:iE
286;María José;Fernández;Cruz;M;mari.fernandez;Colombia;Colombia;mari.fernandez@email.com;18/09/1968;51;;SI;88;63;3;Disponible;Heterosexual;._@kN9hFmA[%MpE
287;Alberto;Segovia;Fernández;H;segovia57;Colombia;Colombia;segovia57@email.net;15/11/1953;65;732,79;No Aplica;30;46;3;Disponible;Heterosexual;u#qPWqxDt7a.]Fe
288;María;Manzano;Martin;M;manzano55;Colombia;Colombia;manzano55@correo.es;2/06/1969;50;;SI;24;28;2;Inactivo;Heterosexual;*_99e{3.xvr2Edk
289;Ana;Márquez;Ruiz;M;anamarquez;Colombia;Colombia;anamarquez@correo.es;15/02/1941;78;;NO;37;32;2;Disponible;Heterosexual;Qc*?muqN9iHbK)m
290;Pedro;Moreno;Martin;H;pmoreno40;Colombia;Colombia;pmoreno40@mail.com;13/11/1951;67;120,69;No Aplica;18;23;0;Disponible;Heterosexual;MX[q}[cb*eJt/=d
291;Isabel;Martínez;Vidal;M;isamartinez;Colombia;Colombia;isamartinez@email.com;21/06/1956;63;;NO;38;9;1;Disponible;Heterosexual;fcZgY,4E]nC]T=Q
292;Jesús;Nieto;Sánchez;H;jesnieto89;Colombia;Colombia;jesnieto89@mail.com;8/10/1976;43;684,08;No Aplica;57;36;5;Inactivo;Heterosexual;Ee#DXx.!ZRt7jyL
293;María Jesús;Martí;González;M;marmarti;Colombia;Colombia;marmarti@email.com;12/09/1962;57;;NO;34;98;5;Disponible;Heterosexual;Y*?_X}U7]e9(wTW
294;David;Castellanos;Rubio;H;davidcastellanos;Colombia;Colombia;davidcastellanos@mail.com;6/02/1944;75;157,78;No Aplica;68;60;10;Inactivo;Heterosexual;!yUNqD8Y)x3)u_}
295;José;Bernabé;Del Hoyo;H;jose.bernabe;Colombia;Colombia;jose.bernabe@correo.es;9/12/1939;79;169,19;No Aplica;52;11;1;Inactivo;Heterosexual;@8crU@VMMEj+k?t
296;María Dolores;Peiro;Pérez;M;marpeiro;Colombia;Colombia;marpeiro@correo.es;1/09/1945;74;;NO;86;76;0;Inactivo;Heterosexual;jc&n:(8EgQ]=MY5
297;Pedro;Buendía;Aguilar;H;buendia96;Colombia;Colombia;buendia96@correo.es;20/02/1949;70;204,23;No Aplica;73;70;2;Inactivo;Heterosexual;fM&--AxydCq*8%d
298;Javier;López;López;H;javierlopez;Colombia;Colombia;javierlopez@correo.com;15/03/1981;38;443,07;No Aplica;68;48;2;Disponible;Heterosexual;c!kM$8Wg/i7iDf)
299;María;Lázaro;Marín;M;mar.lazaro;Colombia;Colombia;mar.lazaro@correo.com;13/08/1948;71;;SI;62;69;8;Disponible;Heterosexual;qgcG478dBV/+NJm
300;María;Gallardo;Sánchez;M;mariagallardo24;Colombia;Colombia;mariagallardo24@email.net;16/06/1958;61;;NO;11;6;1;Inactivo;Heterosexual;:$RRtd:+x!=E,&L
301;Rubén;Córdoba;Benavides;H;rub.cordoba;Colombia;Colombia;rub.cordoba@mail.com;28/03/1971;48;244,12;No Aplica;97;38;6;Inactivo;Heterosexual;z4TUdtSzn6N47TL
302;Manuel;Torres;Hernández;H;mantorres16;Colombia;Colombia;mantorres16@correo.es;13/06/1935;84;506,12;No Aplica;66;3;0;Disponible;Heterosexual;kH$M-3!(N?8VGbU
303;Luis;Moreno;Martínez;H;luismoreno17;Colombia;Colombia;luismoreno17@mail.es;17/08/1991;28;668,37;No Aplica;11;20;0;Disponible;Heterosexual;9!gm/b?B:]/iV#t
304;Raquel;Murillo;Ferreiro;M;murillo61;Colombia;Colombia;murillo61@mail.net;28/12/1988;30;;NO;76;45;2;Inactivo;Heterosexual;Ec{PiphYH{?pGx4
305;María Rosa;Acosta;Muñoz;M;macosta;Colombia;Colombia;macosta@email.es;13/06/1983;36;;NO;23;97;2;Inactivo;Heterosexual;Cjdf4]:*Pj?)h:6
306;Juana;Tomas;Muñoz;M;juana.tomas;Colombia;Colombia;juana.tomas@correo.es;14/01/1981;38;;NO;64;69;5;Inactivo;Heterosexual;*/:iUWj../v_HGT
307;María Pilar;Toledo;Ortega;M;mariapilartoledo;Colombia;Colombia;mariapilartoledo@email.com;7/03/1995;24;;SI;4;26;0;Disponible;Heterosexual;(::K%?5:FRAV9?k
308;Manuel;Colomer;Castro;H;manuelcolomer74;Colombia;Colombia;manuelcolomer74@email.com;27/07/1984;35;728,51;No Aplica;54;42;1;Disponible;Heterosexual;$BWtY!]=rLZ-:-R
309;Ramón;Murillo;Martínez;H;rmurillo;Colombia;Colombia;rmurillo@email.net;3/04/1969;50;784,14;No Aplica;38;61;4;Inactivo;Heterosexual;u?Y33M6yq8fEk-[
310;Josep María;Pico;Fernández;H;josepmariapico;Colombia;Colombia;josepmariapico@correo.es;14/12/1984;34;826,28;No Aplica;78;25;4;Inactivo;Heterosexual;2_}x.XeF4Dem6di
311;Marina;Redondo;Macías;M;redondo45;Colombia;Colombia;redondo45@mail.com;5/07/1994;25;;SI;63;64;5;Inactivo;Heterosexual;2.&mvE:Q8JD,5xj
312;Manuel;Márquez;García;H;manmarquez;Colombia;Colombia;manmarquez@email.es;6/10/1947;72;903,39;No Aplica;52;5;0;Inactivo;Heterosexual;PB{g@%AU$iPZY9?
313;Dolores;Arguello;Parejo;M;dol.arguello;Colombia;Colombia;dol.arguello@mail.com;8/10/1950;69;;SI;63;2;0;Inactivo;Heterosexual;/SG!,R:#fqad[K9
314;Laura;Prieto;Clemente;M;lauraprieto;Colombia;Colombia;lauraprieto@mail.net;2/09/1969;50;;SI;31;31;0;Inactivo;Heterosexual;+yC6g]x5G2Y4g&4
315;María Teresa;López;Redondo;M;marilopez47;Colombia;Colombia;marilopez47@email.com;20/11/1936;82;;NO;22;41;2;Inactivo;Heterosexual;7$ie.HV@$:k2wH_
316;María Dolores;Castejón;Bas;M;marcastejon;Colombia;Colombia;marcastejon@mail.net;27/01/1944;75;;SI;8;17;0;Inactivo;Heterosexual;huMb5R*YEWidj7%
317;Jorge;Domingo;Arenas;H;jordomingo;Colombia;Colombia;jordomingo@mail.net;16/08/1968;51;219,57;No Aplica;80;5;0;Disponible;Heterosexual;(.(3DRc?KVYzCAy
318;Fernando;Martínez;Pérez;H;fermartinez;Colombia;Colombia;fermartinez@mail.es;25/11/1952;66;794,14;No Aplica;35;25;2;Disponible;Heterosexual;wnZcJ9]xc:k&*T5
319;Eva;Villa;Rodríguez;M;evavilla;Colombia;Colombia;evavilla@email.net;19/07/1974;45;;SI;61;83;7;Inactivo;Heterosexual;[,)Bvbeewg&z:}n
320;Josep;Sánchez;García;H;jossanchez;Colombia;Colombia;jossanchez@email.es;8/11/1974;44;560,47;No Aplica;25;91;1;Inactivo;Heterosexual;#qr=P]J]L[L$%5K
321;Enrique;Muñoz;Sánchez;H;enr.muñoz;Colombia;Colombia;enr.muñoz@email.net;20/06/1961;58;825,23;No Aplica;4;23;0;Inactivo;Heterosexual;N4P)aq=Cj6Yq*.k
322;María Luisa;Camacho;Mena;M;marialuisacamacho;Colombia;Colombia;marialuisacamacho@mail.es;10/07/1953;66;;NO;48;13;0;Inactivo;Heterosexual;gwkY=QQ8zd$nWf3
323;Marta;Baz;Gómez;M;mbaz22;Colombia;Colombia;mbaz22@correo.net;22/06/2001;18;;SI;5;70;0;Inactivo;Heterosexual;awM86V-rtpw)DY:
324;Francisco;Tamayo;Rodríguez;H;tamayo7;Colombia;Colombia;tamayo7@mail.com;1/07/1976;43;126,44;No Aplica;71;69;0;Inactivo;Heterosexual;MA]%V(Qzu,Z]7,,
325;Joan;Sebastia;Martínez;H;jsebastia71;Colombia;Colombia;jsebastia71@email.com;4/08/1961;58;799,92;No Aplica;9;85;1;Inactivo;Heterosexual;:N%{A+LFF8$Xn:[
326;María;Lara;Mellado;M;marialara;Colombia;Colombia;marialara@email.es;21/06/1946;73;;SI;83;11;1;Inactivo;Heterosexual;tcjB+fBXX7zKV{n
327;Rubén;Rodríguez;Palomo;H;rubenrodriguez91;Colombia;Colombia;rubenrodriguez91@correo.es;11/09/1961;58;460,92;No Aplica;99;67;1;Inactivo;Heterosexual;%W[7?_t6!?4)-t%
328;Rosa;García;Aznar;M;garcia91;Colombia;Colombia;garcia91@mail.net;30/10/1961;58;;NO;57;80;1;Disponible;Heterosexual;CWz)B$SjDqU{y/R
329;Eva María;Serra;Mato;M;evaserra;Colombia;Colombia;evaserra@correo.net;14/06/1949;70;;SI;26;46;3;Inactivo;Heterosexual;cW=2RE}.TM9::k2
330;Enrique;García;Domínguez;H;enrgarcia;Colombia;Colombia;enrgarcia@correo.net;11/07/1990;29;135,83;No Aplica;62;42;5;Disponible;Heterosexual;u}-/:_@NgxzQuqY
331;Julia;Santamaría;Pérez;M;jsantamaria;Colombia;Colombia;jsantamaria@correo.es;29/10/1982;37;;SI;56;31;5;Disponible;Heterosexual;%,!VFju4/@]9f)9
332;Susana;Campos;Mendoza;M;campos37;Colombia;Colombia;campos37@mail.es;18/01/1985;34;;NO;82;14;1;Disponible;Heterosexual;4*6E!Mbh!hb2+d=
333;María Carmen;Marín;González;M;marin17;Colombia;Colombia;marin17@correo.net;20/11/1961;57;;SI;82;23;0;Inactivo;Heterosexual;&7%RHggK,F.N5@?
334;Rocío;Ortega;Casanova;M;rortega;Colombia;Colombia;rortega@mail.es;23/10/1961;58;;SI;72;53;8;Inactivo;Heterosexual;7f.Xk4_Hb9.cU=6
335;Laura;Frutos;Alonso;M;frutos59;Colombia;Colombia;frutos59@email.com;6/12/1993;25;;NO;12;89;2;Inactivo;Heterosexual;{Wqi%B&k-4:Jb$E
336;María José;Romero;Sánchez;M;mariromero;Colombia;Colombia;mariromero@correo.es;14/02/1954;65;;SI;49;98;0;Disponible;Heterosexual;5VJM)k:%=-uiwDP
337;Ángeles;Gimeno;Lloret;M;angelesgimeno;Colombia;Colombia;angelesgimeno@email.com;23/09/2001;18;;SI;100;98;5;Inactivo;Heterosexual;Dz$qna,C!c{%:AB
338;María Carmen;Sánchez;Molina;M;marsanchez67;Colombia;Colombia;marsanchez67@mail.com;20/08/1960;59;;NO;15;56;2;Disponible;Heterosexual;UVaEaJZRq7[U#rB
339;Santiago;Estévez;Vargas;H;santiagoestevez10;Colombia;Colombia;santiagoestevez10@mail.net;1/02/1960;59;838,21;No Aplica;94;60;4;Inactivo;Heterosexual;zHw9QE@eQfQQ+p,
340;Fernando;Bilbao;Bas;H;bilbao58;Colombia;Colombia;bilbao58@correo.net;9/08/1947;72;712,91;No Aplica;57;41;3;Inactivo;Heterosexual;g2Db$RH)&H_L*jZ
341;Francisca;Ballesteros;Ruiz;M;fballesteros;Colombia;Colombia;fballesteros@email.net;11/03/1936;83;;NO;4;87;0;Disponible;Heterosexual;e*z(JLA]]tvk.kh
342;Dolores;Martínez;Arellano;M;d.martinez;Colombia;Colombia;d.martinez@mail.es;17/03/1978;41;;SI;100;9;1;Inactivo;Heterosexual;uN&KEAHPf$GiwyC
343;José Luis;Novo;Cuervo;H;josnovo;Colombia;Colombia;josnovo@correo.com;23/09/1986;33;886,52;No Aplica;65;16;0;Disponible;Heterosexual;_WMQ76Q72:Mf-fx
344;Pilar;Urbano;López;M;pilarurbano;Colombia;Colombia;pilarurbano@mail.es;20/02/1963;56;;NO;53;72;6;Inactivo;Heterosexual;_WJU#r!dGYX5S5q
345;Ramón;Zamora;Llorente;H;rzamora5;Colombia;Colombia;rzamora5@mail.net;18/01/1939;80;886,65;No Aplica;30;81;2;Inactivo;Heterosexual;:f{kR/m4,ttr)SX
346;José Manuel;Mateos;Guillen;H;josmateos;Colombia;Colombia;josmateos@correo.com;20/04/1972;47;786,67;No Aplica;60;66;10;Inactivo;Heterosexual;7M/!aC8:M/T4bM}
347;Juan;Rodríguez;Domínguez;H;juarodriguez;Colombia;Colombia;juarodriguez@mail.net;9/02/1966;53;388,48;No Aplica;55;65;6;Inactivo;Heterosexual;g[PA+)iKFe+kH,r
348;Manuel;Canal;León;H;mancanal;Colombia;Colombia;mancanal@email.com;27/02/1992;27;107,1;No Aplica;92;72;2;Disponible;Heterosexual;!:S+@,r4x)G%wLu
349;Juan;Duran;Pulido;H;jduran;Colombia;Colombia;jduran@correo.net;10/01/1962;57;691,97;No Aplica;100;34;0;Inactivo;Heterosexual;y$Bhyr-aa)}CG,$
350;Isabel;Delgado;Carretero;M;isa.delgado;Colombia;Colombia;isa.delgado@correo.net;3/03/1940;79;;SI;65;59;0;Disponible;Heterosexual;(&(vFW*=nMU!@qH
351;Mónica;Notario;Quintana;M;mnotario67;Colombia;Colombia;mnotario67@mail.net;3/12/1950;68;;SI;87;33;5;Disponible;Heterosexual;$U--gM(#fy+QT[d
352;Begoña;Hernández;Méndez;M;hernandez18;Colombia;Colombia;hernandez18@correo.net;21/11/1967;51;;SI;54;82;9;Disponible;Heterosexual;Cyw%7W,ZeSt$q}S
353;Francisca;Calvo;Fernández;M;fracalvo;Colombia;Colombia;fracalvo@correo.com;31/01/1945;74;;NO;70;56;8;Inactivo;Heterosexual;3:CW$)SC$Z3Ez7G
354;Marta;Marcos;Hernández;M;martamarcos94;Colombia;Colombia;martamarcos94@correo.com;10/07/1964;55;;SI;87;89;3;Inactivo;Heterosexual;N4baUV8!#KRVcm{
355;Luis;Jordán;Moreno;H;luisjordan;Colombia;Colombia;luisjordan@correo.com;7/09/1958;61;606,33;No Aplica;54;20;0;Inactivo;Heterosexual;w*%v3!X!b:E+Hmk
356;María;González;Carmona;M;mgonzalez83;Colombia;Colombia;mgonzalez83@mail.net;13/10/1977;42;;NO;63;61;9;Disponible;Heterosexual;-QB7=6%A+kjj{GT
357;Isabel;Moreno;Suarez;M;isabelmoreno;Colombia;Colombia;isabelmoreno@email.es;17/11/1935;83;;NO;33;90;5;Inactivo;Heterosexual;]#HP5qq7WMZ@CHt
358;Sonia;López;Salas;M;sonlopez86;Colombia;Colombia;sonlopez86@email.es;28/09/1938;81;;SI;62;27;3;Inactivo;Heterosexual;-MaB_(XqbLhZ:7v
359;José;Bautista;Doblas;H;josbautista76;Colombia;Colombia;josbautista76@email.com;13/04/1957;62;775,37;No Aplica;36;19;0;Disponible;Heterosexual;8zYEi9kW/_rrvaM
360;María Carmen;Gregorio;Carbonell;M;gregorio5;Colombia;Colombia;gregorio5@correo.es;24/03/1958;61;;SI;41;13;0;Inactivo;Heterosexual;yV!V:r:Jc2*afb?
361;Montserrat;Marcos;Gutiérrez;M;mmarcos29;Colombia;Colombia;mmarcos29@mail.es;20/04/1985;34;;SI;2;4;0;Inactivo;Heterosexual;w@FLz.25N[8AgX!
362;Javier;Ibarra;Rubio;H;javieribarra;Colombia;Colombia;javieribarra@mail.es;27/03/1935;84;510,62;No Aplica;62;99;1;Disponible;Heterosexual;+aMw2*dD5v/}8Q/
363;María Teresa;Báez;Higuera;M;mbaez;Colombia;Colombia;mbaez@email.es;3/10/1947;72;;SI;55;47;6;Disponible;Heterosexual;P*9jJFz&v@-WBN[
364;Eduardo;Caballero;Lara;H;edu.caballero;Colombia;Colombia;edu.caballero@mail.net;26/10/1951;68;616,79;No Aplica;34;84;3;Disponible;Heterosexual;H,[#+Pt#nKrLn)H
365;Ana Isabel;Diez;Llop;M;andiez31;Colombia;Colombia;andiez31@mail.com;5/09/1997;22;;SI;100;80;0;Inactivo;Heterosexual;8,.r7#@#:ji:*x5
366;Sergio;Díaz;Simón;H;sergiodiaz46;Colombia;Colombia;sergiodiaz46@correo.com;30/09/1936;83;442,93;No Aplica;12;91;2;Disponible;Heterosexual;!FxG@aj{H-:k.wy
367;Isabel;Valls;Corbacho;M;valls41;Colombia;Colombia;valls41@mail.net;17/12/1993;25;;NO;90;90;8;Disponible;Heterosexual;)AXkRK]tRuxA*rp
368;Isabel;Fernández;Amador;M;isabelfernandez80;Colombia;Colombia;isabelfernandez80@mail.com;29/10/1947;72;;NO;41;76;4;Inactivo;Heterosexual;uhdYMnXHSH[jcTZ
369;Fernando;Mateos;Quintero;H;f.mateos;Colombia;Colombia;f.mateos@email.es;3/01/1948;71;655,08;No Aplica;80;12;0;Inactivo;Heterosexual;]}H4U?n&!pHH5N7
370;Silvia;Méndez;González;M;silviamendez;Colombia;Colombia;silviamendez@mail.net;2/05/1992;27;;SI;15;49;1;Inactivo;Heterosexual;]w}c+YZmdX{FZ_g
371;José Luis;Miñana;Hernández;H;jos.miñana;Colombia;Colombia;jos.miñana@mail.com;6/10/1984;35;769,65;No Aplica;94;15;0;Disponible;Heterosexual;r@.a.DEJw*p-G!J
372;Inmaculada;González;Cano;M;inmaculadagonzalez;Colombia;Colombia;inmaculadagonzalez@mail.net;13/11/1976;42;;NO;84;45;2;Disponible;Heterosexual;K*BmikHY+e_@}Mx
373;Lucia;Aguilar;Gutiérrez;M;laguilar;Colombia;Colombia;laguilar@mail.com;6/06/1947;72;;NO;31;25;3;Inactivo;Heterosexual;ecCkEvdWr-2@Pp[
374;Álvaro;Rodríguez;Molina;H;rodriguez78;Colombia;Colombia;rodriguez78@correo.net;23/02/1982;37;412,41;No Aplica;47;96;7;Disponible;Heterosexual;dzBC$uh.ba)z)p:
375;José Luis;Sáez;Soto;H;j.saez;Colombia;Colombia;j.saez@correo.com;6/03/1974;45;649,02;No Aplica;55;74;4;Inactivo;Heterosexual;[kPRQ-a=rm]ABPq
376;Rafael;Da Costa;Sánchez;H;d17;Colombia;Colombia;d17@correo.com;27/10/1953;66;194,99;No Aplica;13;93;0;Inactivo;Heterosexual;c%%nW9A[yn!V.-H
377;Concepción;García;Matas;M;garcia11;Colombia;Colombia;garcia11@correo.es;28/11/1958;60;;NO;22;84;3;Inactivo;Heterosexual;k4hdK.9f@g7Pfp6
378;María Luisa;Montes;Rojas;M;mmontes72;Colombia;Colombia;mmontes72@email.net;31/10/1939;79;;NO;3;81;0;Inactivo;Heterosexual;5_Xq(Eang[::XBA
379;Francisca;Pérez;Barrera;M;fraperez;Colombia;Colombia;fraperez@mail.com;23/08/1981;38;;SI;37;69;2;Disponible;Heterosexual;#�NOMBRE?
380;María Carmen;Ros;Vicens;M;mariros;Colombia;Colombia;mariros@mail.es;8/01/1967;52;;NO;94;74;8;Disponible;Heterosexual;bu5}d=Kt:GA:yH4
381;Manuel;Pastor;Delgado;H;manuelpastor;Colombia;Colombia;manuelpastor@correo.net;22/12/1993;25;792,2;No Aplica;7;3;0;Disponible;Heterosexual;HaYw_:#6!X+V#8J
382;María Teresa;Luque;Enríquez;M;marluque;Colombia;Colombia;marluque@mail.es;7/03/1946;73;;NO;46;39;5;Inactivo;Heterosexual;4/##-N./2W7ny?T
383;Jesús;Porras;Toscano;H;jesus.porras;Colombia;Colombia;jesus.porras@mail.es;19/11/1941;77;835,97;No Aplica;68;97;2;Disponible;Heterosexual;A.=:*_&at??K/n#
384;Jesús;Cabello;Alfonso;H;j.cabello;Colombia;Colombia;j.cabello@correo.es;19/07/1945;74;797,02;No Aplica;43;3;0;Inactivo;Heterosexual;ATS=J24.D{L]E:y
385;Ángela;Álvarez;Fernández;M;angalvarez;Colombia;Colombia;angalvarez@mail.net;6/02/1942;77;;NO;8;73;1;Inactivo;Heterosexual;&vpH..56J8}maM3
386;José;Duran;Diz;H;jose.duran;Colombia;Colombia;jose.duran@email.net;7/01/1973;46;288,18;No Aplica;26;62;2;Disponible;Heterosexual;#Dj]xLD#Z()*quU
387;Pedro;Suarez;Moran;H;pedrosuarez;Colombia;Colombia;pedrosuarez@email.net;10/11/1937;81;122,92;No Aplica;22;11;1;Inactivo;Heterosexual;TraR#2G3UBjz*EW
388;Josefa;Vidal;Portillo;M;josefa.vidal;Colombia;Colombia;josefa.vidal@mail.net;20/07/1956;63;;SI;60;50;8;Disponible;Heterosexual;ccHZ,2%L*SGwzw]
389;Manuela;Díaz;López;M;mandiaz;Colombia;Colombia;mandiaz@email.es;4/02/1971;48;;NO;35;20;1;Disponible;Heterosexual;[mn._5wu]6[uNRB
390;Javier;Madrid;Arroyo;H;jav.madrid;Colombia;Colombia;jav.madrid@correo.net;4/01/1966;53;607,96;No Aplica;37;85;1;Disponible;Heterosexual;2bWZR=xHf],*KnC
391;José;Martínez;Lorente;H;josemartinez100;Colombia;Colombia;josemartinez100@mail.es;9/02/1941;78;192,77;No Aplica;65;36;5;Inactivo;Heterosexual;?-:aRxSfUU8y:(*
392;Enrique;Merino;Hernández;H;e.merino;Colombia;Colombia;e.merino@mail.com;14/01/1937;82;116,04;No Aplica;34;55;2;Disponible;Heterosexual;J&**hT55jLmxEBe
393;Yolanda;Acero;Núñez;M;acero75;Colombia;Colombia;acero75@mail.com;7/03/1963;56;;SI;27;21;3;Disponible;Heterosexual;%dmx[G5+b//DahZ
394;Laura;Pereira;Pascual;M;pereira33;Colombia;Colombia;pereira33@email.com;19/02/1965;54;;NO;92;52;1;Inactivo;Heterosexual;)AT8?pDi5:F?abb
395;Roberto;Benítez;Torres;H;robbenitez40;Colombia;Colombia;robbenitez40@mail.net;11/10/1979;40;626,06;No Aplica;27;36;2;Inactivo;Heterosexual;c)iZ){K=X/_L?D:
396;Salvador;Jordán;Rodríguez;H;saljordan;Colombia;Colombia;saljordan@email.es;17/08/1941;78;961;No Aplica;22;62;1;Inactivo;Heterosexual;qY9@byM&PuFTyja
397;Manuela;Rojo;Guillen;M;manuelarojo64;Colombia;Colombia;manuelarojo64@mail.com;5/01/1982;37;;SI;23;100;1;Inactivo;Heterosexual;LMa#q4ed?:YBH+-
398;Rocío;Fernández;Rodríguez;M;rociofernandez;Colombia;Colombia;rociofernandez@mail.com;27/01/1989;30;;NO;79;55;9;Disponible;Heterosexual;G)@+gVD6wg$niSR
399;Francisco;Recuero;De las Heras;H;franciscorecuero;Colombia;Colombia;franciscorecuero@mail.net;14/09/1939;80;360,95;No Aplica;2;63;0;Disponible;Heterosexual;6J?hu?2tG=i:nLM
400;Ángel;Arango;Alsina;H;angel.arango;Colombia;Colombia;angel.arango@email.es;17/05/1951;68;543,47;No Aplica;3;93;0;Disponible;Heterosexual;.$y)bu(b!2Z2?T9
401;Francisca;Conde;González;M;fraconde;Colombia;Colombia;fraconde@mail.net;9/12/1959;59;;SI;16;8;0;Disponible;Heterosexual;i25=]G5]TrXLFfi
402;Cristina;Benavente;Montes;M;benavente39;Colombia;Colombia;benavente39@correo.net;11/05/1955;64;;SI;28;80;0;Inactivo;Heterosexual;N+_V?nZV69]pZtX
403;José;López;Ventura;H;lopez26;Colombia;Colombia;lopez26@mail.es;3/01/1944;75;725,89;No Aplica;23;52;0;Inactivo;Heterosexual;,qw%&[N4p(n#S.]
404;Javier;Cortes;Jiménez;H;cortes76;Colombia;Colombia;cortes76@correo.com;4/04/1956;63;952,4;No Aplica;27;45;2;Disponible;Heterosexual;_EWCY+WWcTGeabY
405;José;Mayo;Hernández;H;may-74;Colombia;Colombia;mayo74@mail.com;22/08/1956;63;691,12;No Aplica;76;86;9;Disponible;Heterosexual;7e8v$JvSH67F45:
406;Josefa;Parada;Nieves;M;jparada26;Colombia;Colombia;jparada26@correo.net;26/01/1976;43;;SI;41;60;3;Disponible;Heterosexual;:$8i-HD$tCe[S[(
407;Antonio;Baños;Rodríguez;H;antoniobaños36;Colombia;Colombia;antoniobaños36@email.es;27/05/1995;24;793,66;No Aplica;24;51;4;Inactivo;Heterosexual;:hCa&52?(t+Ei4T
408;Jaime;Jiménez;Martin;H;jimenez37;Colombia;Colombia;jimenez37@correo.com;7/11/1997;21;312,22;No Aplica;18;16;0;Disponible;Heterosexual;HCD_!Bq@%R[7]=P
409;Pablo;Sánchez;Arrieta;H;psanchez;Colombia;Colombia;psanchez@email.com;16/05/1961;58;925,95;No Aplica;57;77;6;Inactivo;Heterosexual;A:=Nxmnz(fgRr[b
410;Dolores;Egea;Macho;M;dolegea22;Colombia;Colombia;dolegea22@correo.net;24/01/1950;69;;SI;79;81;13;Disponible;Heterosexual;c_N=]AbG#w3]W9v
411;Salvador;Alonso;Pérez;H;sal.alonso;Colombia;Colombia;sal.alonso@email.net;21/06/1998;21;957,85;No Aplica;36;96;0;Disponible;Heterosexual;jvwM=bk4]?z@LjZ
412;María Teresa;García;Martin;M;margarcia;Colombia;Colombia;margarcia@correo.com;8/07/1962;57;;NO;58;10;1;Inactivo;Heterosexual;:%V=(}K]k]DZXJp
413;María Carmen;López;Jurado;M;mlopez32;Colombia;Colombia;mlopez32@email.com;17/11/1996;22;;SI;13;3;0;Disponible;Heterosexual;X_%aiZeYiD!P]jB
414;Ana María;Ortiz;Sánchez;M;anortiz;Colombia;Colombia;anortiz@correo.es;2/11/1992;26;;NO;19;39;1;Inactivo;Heterosexual;$J4Xq-BwffX7n8Z
415;Juana;Fernández;Lozano;M;juafernandez52;Colombia;Colombia;juafernandez52@mail.com;4/12/1977;41;;NO;46;85;6;Inactivo;Heterosexual;S$3eyH@{rc57M{S
416;Javier;García;Alcaraz;H;javgarcia92;Colombia;Colombia;javgarcia92@email.com;13/04/1969;50;160,08;No Aplica;13;9;1;Disponible;Heterosexual;Qi4WNVqA=Ta=86_
417;Susana;Otero;Riveiro;M;sus.otero;Colombia;Colombia;sus.otero@mail.es;2/04/1995;24;;SI;69;40;5;Inactivo;Heterosexual;ev65_vLM-zrk2Le
418;Aitor;Serrano;Blanco;H;ait.serrano;Colombia;Colombia;ait.serrano@mail.es;23/10/1961;58;638,65;No Aplica;40;52;2;Disponible;Heterosexual;c{9y{:AU,E[z87#
419;Carlos;Pinedo;Abella;H;cpinedo;Colombia;Colombia;cpinedo@mail.net;25/01/1966;53;347,88;No Aplica;98;24;3;Inactivo;Heterosexual;i8z43Z)B:e_aMTT
420;Marta;García;Ojeda;M;mgarcia6;Colombia;Colombia;mgarcia6@mail.com;8/07/1987;32;;NO;41;62;3;Inactivo;Heterosexual;}GZkyjXa3CuQ573
421;Cristina;Moreno;Santana;M;cmoreno36;Colombia;Colombia;cmoreno36@correo.es;30/10/1957;62;;NO;92;78;1;Inactivo;Heterosexual;yZMCh4*E_S)%hmR
422;Francisca;Coll;Blanco;M;fra.coll;Colombia;Colombia;fra.coll@mail.es;10/10/1952;67;;NO;13;23;1;Inactivo;Heterosexual;=.xK]jzYH&UGeA!
423;Jorge;Míguez;Bueno;H;jorge.miguez;Colombia;Colombia;jorge.miguez@email.es;16/09/1992;27;811,23;No Aplica;61;32;4;Disponible;Heterosexual;p(ti*p9,(:(?3Zr
424;Santiago;Quirós;Vivas;H;squiros;Colombia;Colombia;squiros@email.com;6/11/1937;81;617,15;No Aplica;10;78;1;Inactivo;Heterosexual;NKF8,WFw(tXGAt$
425;Lucia;Gracia;Caballero;M;gracia70;Colombia;Colombia;gracia70@email.com;2/07/1980;39;;NO;59;23;3;Disponible;Heterosexual;aQfi6h-B[?FT/JJ
426;Alberto;Montoro;Carmona;H;montoro7;Colombia;Colombia;montoro7@email.net;13/08/1948;71;693,48;No Aplica;25;43;4;Inactivo;Heterosexual;_RVG6R:w4}Ua49?
427;Ana;Boix;Mesa;M;ana.boix;Colombia;Colombia;ana.boix@email.com;10/10/1981;38;;NO;17;92;1;Disponible;Heterosexual;apyX:UQJi{v4cH,
428;Cristina;Prado;Catalán;M;prado15;Colombia;Colombia;prado15@mail.es;22/04/1955;64;;NO;25;58;2;Disponible;Heterosexual;C3(5(@U6t+Yfa@+
429;María Dolores;Martínez;Rodríguez;M;mariadolores.martinez;Colombia;Colombia;mariadolores.martinez@email.net;5/10/1961;58;;SI;20;83;0;Inactivo;Heterosexual;uFG+5m#!.rVHY$!
430;Ramón;Fernández;Garmendia;H;rfernandez;Colombia;Colombia;rfernandez@mail.com;13/04/1981;38;944,29;No Aplica;29;97;3;Inactivo;Heterosexual;A#}i:)(zDXH)(=[
431;Jesús;Andrés;Rodríguez;H;jandres;Colombia;Colombia;jandres@email.es;22/02/1935;84;580,28;No Aplica;58;93;9;Disponible;Heterosexual;-%9UM7rK%}!-Vpj
432;Yolanda;Sánchez;Núñez;M;yolsanchez;Colombia;Colombia;yolsanchez@mail.es;18/11/1986;32;;SI;57;90;8;Inactivo;Heterosexual;)RK?gc6x:[8=MpP
433;Laura;López;Martínez;M;lauralopez;Colombia;Colombia;lauralopez@email.com;23/09/1945;74;;SI;96;34;3;Inactivo;Heterosexual;fkS@_.Ur4/w]{[m
434;María Ángeles;Guerrero;Fernández;M;mariaangelesguerrero8;Colombia;Colombia;mariaangelesguerrero8@correo.net;29/11/2001;17;;NO;39;94;5;Inactivo;Heterosexual;/fCM/)*?S4tA/9D
435;Ana María;Sanz;Recio;M;anasanz77;Colombia;Colombia;anasanz77@correo.es;27/11/1941;77;;SI;48;21;1;Inactivo;Heterosexual;:,W5*T=zYyXd6+U
436;María;Calero;Bernal;M;marcalero;Colombia;Colombia;marcalero@mail.es;23/03/1971;48;;NO;100;32;5;Inactivo;Heterosexual;NBrDbPG6[3gq$hW
437;Diego;Rodríguez;Sanz;H;drodriguez;Colombia;Colombia;drodriguez@mail.com;18/12/1991;27;253,88;No Aplica;86;35;4;Inactivo;Heterosexual;#EM3xBt5R$vVT7Y
438;Teresa;Luque;Maza;M;tluque;Colombia;Colombia;tluque@mail.com;14/06/1940;79;;SI;59;38;5;Inactivo;Heterosexual;:-m]yZRbM)(HB_{
439;Laura;Pereira;Gómez;M;pereira53;Colombia;Colombia;pereira53@correo.es;25/11/1980;38;;NO;40;60;3;Disponible;Heterosexual;:E+:$5Bkrh68JSu
440;Antonio;Salvador;Rodríguez;H;salvador97;Colombia;Colombia;salvador97@correo.net;20/12/1992;26;79,16;No Aplica;81;37;5;Inactivo;Heterosexual;e}p+3LThRiFMvT4
441;Ana;Fernández;Moral;M;anafernandez;Colombia;Colombia;anafernandez@email.es;11/12/1980;38;;NO;70;64;5;Inactivo;Heterosexual;fw[Zf}Vd$S.xaHX
442;Ana;Álvarez;Campo;M;anaalvarez;Colombia;Colombia;anaalvarez@correo.com;14/11/1950;68;;NO;93;67;10;Disponible;Heterosexual;g:f(fV2Z=piFEvW
443;Juana;Navarro;Gutiérrez;M;juanavarro;Colombia;Colombia;juanavarro@mail.net;27/04/1986;33;;NO;80;41;1;Disponible;Heterosexual;kzECe2V}g_2PJL(
444;Josefa;Rodríguez;Fernández;M;josefa.rodriguez;Colombia;Colombia;josefa.rodriguez@mail.com;6/04/1971;48;;NO;12;18;0;Inactivo;Heterosexual;e-$jd@[t]:h[$/g
445;Elena;Rodríguez;Fernández;M;elerodriguez;Colombia;Colombia;elerodriguez@correo.es;18/01/1981;38;;NO;20;32;1;Disponible;Heterosexual;&H_TAKq(SUDeQwG
446;Antonia;Blanco;Ayuso;M;antonia.blanco;Colombia;Colombia;antonia.blanco@mail.com;27/09/1968;51;;NO;34;23;2;Inactivo;Heterosexual;ytUEY!e.XTC9N[4
447;Unai;Jurado;Rivera;H;unai.jurado;Colombia;Colombia;unai.jurado@email.com;22/02/1964;55;718,21;No Aplica;70;61;1;Disponible;Heterosexual;:TPbQ?79zTf-9_B
448;Pablo;Gutiérrez;Camarasa;H;pgutierrez;Colombia;Colombia;pgutierrez@correo.es;2/10/1937;82;69,94;No Aplica;46;22;1;Inactivo;Heterosexual;)N)g&a-ij,{vvyB
449;Luis;Roldan;Martin;H;lroldan95;Colombia;Colombia;lroldan95@email.com;1/06/1988;31;363,36;No Aplica;70;96;10;Disponible;Heterosexual;vWqcQCV:9P!+rHp
450;Juan José;Martin;Fernández;H;juamartin;Colombia;Colombia;juamartin@correo.net;13/01/1982;37;260,89;No Aplica;22;23;1;Inactivo;Heterosexual;]9t[k?Qnptyy$=6
451;José;Albaladejo;Ferrando;H;josalbaladejo;Colombia;Colombia;josalbaladejo@mail.es;28/04/1959;60;384,05;No Aplica;84;23;2;Inactivo;Heterosexual;X,)9/x3g/uk6G4m
452;Antonio;Arrebola;Bermejo;H;arrebola69;Colombia;Colombia;arrebola69@email.net;31/10/1941;77;929,98;No Aplica;19;67;3;Disponible;Heterosexual;_)Saz$S$ZNvyuv6
453;Alicia;Berlanga;Díaz;M;alicia.berlanga;Colombia;Colombia;alicia.berlanga@correo.com;24/01/1952;67;;SI;83;98;0;Disponible;Heterosexual;Ln4vmm3zEJbVh&Q
454;Carlos;Ariza;Martínez;H;carlos.ariza;Colombia;Colombia;carlos.ariza@email.es;23/06/1997;22;782,64;No Aplica;49;69;2;Inactivo;Heterosexual;Ci?}7A6Mukm4d2a
455;José;Martínez;Torres;H;josemartinez35;Colombia;Colombia;josemartinez35@email.com;27/12/1970;48;395,32;No Aplica;10;61;0;Inactivo;Heterosexual;Z8mV?96/q%bmX=P
456;María;Sanz;Ortega;M;mariasanz23;Colombia;Colombia;mariasanz23@mail.com;22/06/1968;51;;SI;84;30;1;Disponible;Heterosexual;}g/:uJH7)C!c{L{
457;Antonia;Diez;Ruiz;M;antoniadiez;Colombia;Colombia;antoniadiez@correo.es;29/08/1957;62;;NO;60;41;3;Disponible;Heterosexual;@QuCRA/:.umL9tZ
458;María Pilar;Pérez;Álvarez;M;mperez;Colombia;Colombia;mperez@email.com;2/10/1950;69;;SI;84;92;0;Disponible;Heterosexual;F{[%wR%#!k/t3*[
459;Manuel;Olivera;Catalán;H;molivera;Colombia;Colombia;molivera@mail.com;15/10/1945;74;828,71;No Aplica;43;79;2;Inactivo;Heterosexual;NF-V_BQK52hL7z:
460;Ángel;Santana;Pitarch;H;asantana;Colombia;Colombia;asantana@correo.net;6/08/1993;26;720,12;No Aplica;53;93;5;Inactivo;Heterosexual;UXPC%fyF{$eL&Tj
461;Manuel;Saavedra;Ortega;H;manuelsaavedra61;Colombia;Colombia;manuelsaavedra61@mail.net;17/07/1979;40;289,95;No Aplica;16;27;0;Inactivo;Heterosexual;?a_cxe)XUPq8gzR
462;Miguel;Ivanova;Hurtado;H;ivanova85;Colombia;Colombia;ivanova85@email.com;25/08/1959;60;309,26;No Aplica;80;47;7;Disponible;Heterosexual;BWGEAcjFA7]%Jp2
463;María Dolores;González;Verde;M;gonzalez11;Colombia;Colombia;gonzalez11@mail.es;28/02/1944;75;;NO;47;89;3;Disponible;Heterosexual;GmU@,kk:-GUD}Z_
464;Rocío;Del Valle;Ribera;M;r.de;Colombia;Colombia;r.de@mail.net;25/02/1985;34;;SI;73;99;0;Inactivo;Heterosexual;[C%v$cq,/k&2*:r
465;Carlos;Carrasco;Da Silva;H;carloscarrasco;Colombia;Colombia;carloscarrasco@email.net;26/08/1980;39;874,98;No Aplica;53;92;1;Inactivo;Heterosexual;$ZAX/d&-=!9@?MQ
466;Juan Carlos;Galindo;Santana;H;juagalindo;Colombia;Colombia;juagalindo@correo.net;13/12/2001;17;717,09;No Aplica;35;59;3;Disponible;Heterosexual;P,u[2PyrjNM_:_9
